State Name,year,Food Insecurity Rate, Number Food Insecure Individuals ,Low Threshold in state,Low Threshold Type,High Threshold in state,High Threshold Type,% FI ? Low Threshold,% FI Btwn Thresholds,% FI > High Threshold, Weighted Annual Dollars , Cost Per Meal ,Child Food Insecurity Rate (aggregate of counties), Number Food Insecure Children (aggregate of counties) ,% of children in FI HH with incomes at or below 185% FPL,% of children in FI HH with incomes above 185% FPL
AK,2009,13.5%," 90,300 ",130%,SNAP,185%,other nutrition pgm,40%,17%,42%,n/a,n/a,21.2%," 38,090 ",55%,45%
AL,2009,17.8%," 826,770 ",130%,SNAP,185%,other nutrition pgm,46%,23%,32%," $354,008,530 ", $2.56 ,26.6%," 299,390 ",67%,33%
AR,2009,17.8%," 506,600 ",130%,SNAP,185%,other nutrition pgm,49%,20%,30%," $209,177,940 ", $2.47 ,28.6%," 200,290 ",68%,32%
AZ,2009,17.4%," 1,100,570 ",185%,SNAP,185%,SNAP,62%,0%,38%," $446,958,770 ", $2.43 ,28.8%," 482,340 ",65%,35%
CA,2009,16.7%," 6,053,470 ",130%,SNAP,185%,other nutrition pgm,48%,19%,33%," $2,671,625,540 ", $2.64 ,27.3%," 2,580,080 ",63%,37%
CO,2009,14.3%," 694,760 ",130%,SNAP,185%,other nutrition pgm,42%,16%,42%," $297,484,150 ", $2.56 ,22.7%," 271,660 ",57%,43%
CT,2009,12.3%," 428,090 ",185%,SNAP,185%,SNAP,48%,0%,52%," $199,287,270 ", $2.79 ,18.9%," 155,560 ",50%,50%
DC,2009,15.8%," 93,180 ",200%,SNAP,200%,SNAP,63%,0%,37%," $53,026,060 ", $3.41 ,32.3%," 36,870 ",64%,36%
DE,2009,12.2%," 105,810 ",200%,SNAP,200%,SNAP,55%,0%,45%," $46,697,960 ", $2.64 ,19.7%," 40,520 ",56%,44%
FL,2009,17.1%," 3,115,650 ",200%,SNAP,200%,SNAP,63%,0%,37%," $1,364,476,980 ", $2.62 ,27.5%," 1,116,260 ",61%,39%
GA,2009,17.8%," 1,693,710 ",130%,SNAP,185%,other nutrition pgm,45%,19%,36%," $705,092,200 ", $2.49 ,27.9%," 702,520 ",61%,39%
HI,2009,12.7%," 162,420 ",200%,SNAP,200%,SNAP,53%,0%,47%,n/a,n/a,20.8%," 60,250 ",45%,55%
IA,2009,12.8%," 382,510 ",160%,SNAP,185%,other nutrition pgm,50%,7%,43%," $151,122,920 ", $2.36 ,20.6%," 146,000 ",55%,45%
ID,2009,15.8%," 235,970 ",130%,SNAP,185%,other nutrition pgm,43%,19%,37%," $105,844,830 ", $2.68 ,23.4%," 95,150 ",63%,37%
IL,2009,14.7%," 1,873,010 ",130%,SNAP,185%,other nutrition pgm,41%,18%,42%," $736,018,850 ", $2.35 ,23.3%," 745,310 ",61%,39%
IN,2009,16.2%," 1,027,600 ",130%,SNAP,185%,other nutrition pgm,45%,15%,40%," $389,851,730 ", $2.27 ,24.5%," 388,640 ",62%,38%
KS,2009,14.3%," 395,870 ",130%,SNAP,185%,other nutrition pgm,44%,16%,40%," $164,968,840 ", $2.49 ,22.6%," 158,040 ",60%,40%
KY,2009,16.8%," 716,040 ",130%,SNAP,185%,other nutrition pgm,55%,16%,30%," $285,629,450 ", $2.39 ,24.1%," 243,920 ",73%,27%
LA,2009,14.6%," 644,540 ",130%,SNAP,185%,other nutrition pgm,49%,19%,32%," $265,587,090 ", $2.47 ,22.1%," 246,720 ",69%,31%
MA,2009,11.2%," 727,530 ",200%,SNAP,200%,SNAP,55%,0%,45%," $346,402,980 ", $2.85 ,18.1%," 262,650 ",53%,47%
MD,2009,11.6%," 651,370 ",200%,SNAP,200%,SNAP,53%,0%,47%," $293,279,010 ", $2.69 ,17.8%," 242,910 ",50%,50%
ME,2009,15.1%," 198,790 ",185%,SNAP,185%,SNAP,57%,0%,43%," $91,361,000 ", $2.75 ,24.6%," 68,950 ",61%,39%
MI,2009,18.2%," 1,828,060 ",200%,SNAP,200%,SNAP,62%,0%,38%," $702,840,040 ", $2.30 ,25.4%," 618,910 ",61%,39%
MN,2009,11.2%," 583,710 ",165%,SNAP,185%,other nutrition pgm,48%,6%,46%," $243,246,430 ", $2.49 ,18.3%," 231,100 ",57%,43%
MO,2009,16.8%," 990,770 ",130%,SNAP,185%,other nutrition pgm,44%,19%,37%," $396,901,460 ", $2.40 ,24.8%," 354,520 ",64%,36%
MS,2009,19.9%," 582,540 ",130%,SNAP,185%,other nutrition pgm,53%,19%,27%," $254,130,460 ", $2.61 ,27.7%," 211,340 ",72%,28%
MT,2009,13.8%," 132,180 ",185%,SNAP,185%,SNAP,65%,0%,35%," $55,924,070 ", $2.53 ,21.8%," 48,000 ",61%,39%
NC,2009,18.2%," 1,649,070 ",200%,SNAP,200%,SNAP,65%,0%,35%," $687,208,350 ", $2.49 ,27.3%," 603,250 ",62%,38%
ND,2009,7.8%," 50,200 ",200%,SNAP,200%,SNAP,66%,0%,34%," $20,962,190 ", $2.50 ,12.7%," 18,270 ",56%,44%
NE,2009,11.8%," 208,930 ",130%,SNAP,185%,other nutrition pgm,41%,16%,43%," $84,229,120 ", $2.41 ,20.7%," 92,360 ",60%,40%
NH,2009,10.0%," 131,400 ",185%,SNAP,185%,SNAP,45%,0%,55%," $58,103,320 ", $2.65 ,15.6%," 46,400 ",46%,54%
NJ,2009,12.7%," 1,101,570 ",185%,SNAP,185%,SNAP,51%,0%,49%," $492,709,080 ", $2.68 ,19.0%," 394,240 ",56%,44%
NM,2009,17.1%," 336,430 ",130%,SNAP,185%,other nutrition pgm,55%,18%,27%," $136,915,050 ", $2.44 ,27.3%," 137,720 ",73%,27%
NV,2009,16.1%," 410,390 ",200%,SNAP,200%,SNAP,60%,0%,40%," $168,755,680 ", $2.46 ,27.7%," 182,710 ",54%,46%
NY,2009,13.5%," 2,616,780 ",130%,SNAP,185%,other nutrition pgm,45%,17%,38%," $1,220,401,570 ", $2.79 ,22.4%," 1,006,390 ",60%,40%
OH,2009,17.1%," 1,973,510 ",130%,SNAP,185%,other nutrition pgm,43%,15%,42%," $759,599,150 ", $2.30 ,26.5%," 731,040 ",60%,40%
OK,2009,17.1%," 618,600 ",130%,SNAP,185%,other nutrition pgm,49%,17%,35%," $257,785,960 ", $2.49 ,26.7%," 240,740 ",63%,37%
OR,2009,16.8%," 626,420 ",185%,SNAP,185%,SNAP,65%,0%,35%," $272,475,420 ", $2.60 ,29.2%," 252,510 ",59%,41%
PA,2009,13.5%," 1,690,430 ",160%,SNAP,185%,other nutrition pgm,52%,7%,42%," $712,335,010 ", $2.52 ,20.9%," 588,370 ",62%,38%
RI,2009,15.6%," 164,830 ",185%,SNAP,185%,SNAP,55%,0%,45%," $78,131,700 ", $2.84 ,23.7%," 55,390 ",60%,40%
SC,2009,18.3%," 807,960 ",130%,SNAP,185%,other nutrition pgm,48%,19%,33%," $319,896,400 ", $2.37 ,27.6%," 292,840 ",64%,36%
SD,2009,11.6%," 92,220 ",130%,SNAP,185%,other nutrition pgm,46%,15%,39%," $40,034,890 ", $2.60 ,19.6%," 38,440 ",60%,40%
TN,2009,17.3%," 1,064,160 ",130%,SNAP,185%,other nutrition pgm,49%,19%,32%," $458,364,340 ", $2.58 ,26.9%," 396,470 ",70%,30%
TX,2009,17.8%," 4,245,970 ",165%,SNAP,185%,other nutrition pgm,61%,8%,31%," $1,673,903,770 ", $2.36 ,28.2%," 1,871,660 ",67%,33%
UT,2009,15.1%," 399,560 ",130%,SNAP,185%,other nutrition pgm,40%,18%,42%," $163,284,940 ", $2.45 ,20.7%," 170,760 ",54%,46%
VA,2009,11.8%," 912,790 ",130%,SNAP,185%,other nutrition pgm,40%,19%,41%," $409,046,470 ", $2.68 ,17.6%," 321,490 ",57%,43%
VT,2009,13.3%," 82,270 ",185%,SNAP,185%,SNAP,57%,0%,43%," $41,440,980 ", $3.01 ,20.7%," 27,160 ",53%,47%
WA,2009,14.8%," 953,820 ",200%,SNAP,200%,SNAP,61%,0%,39%," $412,052,030 ", $2.59 ,24.7%," 382,860 ",59%,41%
WI,2009,13.1%," 733,180 ",200%,SNAP,200%,SNAP,58%,0%,42%," $285,310,530 ", $2.33 ,22.6%," 297,870 ",56%,44%
WV,2009,14.0%," 253,580 ",130%,SNAP,185%,other nutrition pgm,52%,17%,31%," $105,565,460 ", $2.49 ,22.0%," 85,200 ",67%,33%
WY,2009,12.1%," 63,280 ",130%,SNAP,185%,other nutrition pgm,36%,20%,44%," $27,229,660 ", $2.58 ,20.6%," 25,940 ",53%,47%
AK,2010,14.6%," 104,510 ",130.0%,SNAP,185.0%,Other Nutrition Program,39.2%,21.1%,39.7%," $48,031,340 ", $2.67 ,19.9%," 36,670 ",54%,46%
AL,2010,19.2%," 919,670 ",130.0%,SNAP,185.0%,Other Nutrition Program,45.7%,21.8%,32.5%," $392,590,090 ", $2.48 ,26.7%," 298,960 ",70%,30%
AR,2010,19.2%," 560,410 ",130.0%,SNAP,185.0%,Other Nutrition Program,47.5%,22.0%,30.5%," $231,511,600 ", $2.40 ,27.8%," 194,460 ",71%,29%
AZ,2010,19.0%," 1,216,900 ",185.0%,"SNAP, Other Nutrition Programs",185.0%,"SNAP, Other Nutrition Programs",68.1%,0.0%,31.9%," $502,714,910 ", $2.40 ,29.0%," 466,010 ",71%,29%
CA,2010,17.1%," 6,403,510 ",130.0%,SNAP,185.0%,Other Nutrition Program,50.8%,21.2%,28.1%," $2,810,696,200 ", $2.55 ,26.8%," 2,453,770 ",67%,33%
CO,2010,15.5%," 783,380 ",130.0%,SNAP,185.0%,Other Nutrition Program,44.9%,18.1%,37.0%," $327,668,270 ", $2.43 ,22.1%," 268,650 ",62%,38%
CT,2010,13.8%," 493,020 ",185.0%,"SNAP, Other Nutrition Programs",185.0%,"SNAP, Other Nutrition Programs",51.6%,0.0%,48.4%," $231,676,950 ", $2.73 ,18.8%," 151,530 ",55%,45%
DC,2010,16.5%," 99,490 ",200.0%,"SNAP, Other Nutrition Programs",200.0%,"SNAP, Other Nutrition Programs",60.4%,0.0%,39.6%," $58,396,850 ", $3.41 ,30.7%," 30,850 ",67%,33%
DE,2010,12.8%," 114,940 ",200.0%,"SNAP, Other Nutrition Programs",200.0%,"SNAP, Other Nutrition Programs",57.1%,0.0%,42.9%," $52,033,440 ", $2.63 ,18.4%," 37,240 ",63%,37%
FL,2010,19.2%," 3,609,200 ",200.0%,"SNAP, Other Nutrition Programs",200.0%,"SNAP, Other Nutrition Programs",66.9%,0.0%,33.1%," $1,627,675,680 ", $2.62 ,28.4%," 1,117,730 ",67%,33%
GA,2010,19.9%," 1,936,470 ",130.0%,SNAP,185.0%,Other Nutrition Program,45.9%,21.3%,32.8%," $829,976,420 ", $2.49 ,28.3%," 694,530 ",67%,33%
HI,2010,14.0%," 190,300 ",200.0%,"SNAP, Other Nutrition Programs",200.0%,"SNAP, Other Nutrition Programs",52.3%,0.0%,47.7%," $85,166,300 ", $2.60 ,21.7%," 64,430 ",47%,53%
IA,2010,13.4%," 408,280 ",160.0%,SNAP,185.0%,Other Nutrition Program,48.8%,9.5%,41.8%," $165,151,150 ", $2.35 ,19.5%," 138,340 ",57%,43%
ID,2010,17.0%," 267,620 ",130.0%,SNAP,185.0%,Other Nutrition Program,45.1%,21.0%,33.9%," $123,915,740 ", $2.69 ,22.8%," 96,660 ",65%,35%
IL,2010,15.0%," 1,932,580 ",130.0%,SNAP,185.0%,Other Nutrition Program,41.7%,20.2%,38.1%," $798,370,270 ", $2.40 ,22.2%," 684,960 ",66%,34%
IN,2010,16.2%," 1,050,030 ",130.0%,SNAP,185.0%,Other Nutrition Program,47.5%,19.6%,32.9%," $435,586,470 ", $2.41 ,22.7%," 358,120 ",70%,30%
KS,2010,15.0%," 428,490 ",130.0%,SNAP,185.0%,Other Nutrition Program,45.5%,17.4%,37.2%," $185,864,680 ", $2.52 ,22.7%," 162,030 ",64%,36%
KY,2010,17.3%," 750,420 ",130.0%,SNAP,185.0%,Other Nutrition Program,53.2%,18.1%,28.8%," $313,881,930 ", $2.43 ,22.7%," 226,790 ",74%,26%
LA,2010,16.7%," 759,740 ",130.0%,SNAP,185.0%,Other Nutrition Program,45.5%,20.4%,34.1%," $309,933,820 ", $2.37 ,23.1%," 253,750 ",69%,31%
MA,2010,12.3%," 806,480 ",200.0%,"SNAP, Other Nutrition Programs",200.0%,"SNAP, Other Nutrition Programs",56.9%,0.0%,43.1%," $390,081,680 ", $2.81 ,16.8%," 235,480 ",60%,40%
MD,2010,12.8%," 740,240 ",200.0%,"SNAP, Other Nutrition Programs",200.0%,"SNAP, Other Nutrition Programs",53.5%,0.0%,46.5%," $338,929,850 ", $2.66 ,17.8%," 236,560 ",57%,43%
ME,2010,14.9%," 198,260 ",185.0%,"SNAP, Other Nutrition Programs",185.0%,"SNAP, Other Nutrition Programs",60.5%,0.0%,39.5%," $93,165,130 ", $2.73 ,22.8%," 61,020 ",65%,35%
MI,2010,19.0%," 1,872,780 ",200.0%,"SNAP, Other Nutrition Programs",200.0%,"SNAP, Other Nutrition Programs",67.1%,0.0%,32.9%," $783,337,050 ", $2.43 ,24.8%," 568,890 ",69%,31%
MN,2010,11.5%," 608,770 ",165.0%,SNAP,185.0%,Other Nutrition Program,51.5%,7.3%,41.2%," $246,250,280 ", $2.35 ,16.7%," 212,050 ",65%,35%
MO,2010,17.1%," 1,026,180 ",130.0%,SNAP,185.0%,Other Nutrition Program,45.0%,21.2%,33.8%," $427,459,080 ", $2.42 ,22.7%," 316,450 ",70%,30%
MS,2010,21.8%," 647,050 ",130.0%,SNAP,185.0%,Other Nutrition Program,49.2%,20.6%,30.2%," $282,896,250 ", $2.54 ,28.3%," 210,350 ",74%,26%
MT,2010,14.5%," 144,140 ",200.0%,"SNAP, Other Nutrition Programs",200.0%,"SNAP, Other Nutrition Programs",65.3%,0.0%,34.7%," $61,282,590 ", $2.47 ,20.9%," 45,700 ",61%,39%
NC,2010,19.6%," 1,870,290 ",200.0%,"SNAP, Other Nutrition Programs",200.0%,"SNAP, Other Nutrition Programs",66.6%,0.0%,33.4%," $808,050,140 ", $2.51 ,27.6%," 621,650 ",66%,34%
ND,2010,7.7%," 51,850 ",200.0%,"SNAP, Other Nutrition Programs",200.0%,"SNAP, Other Nutrition Programs",62.5%,0.0%,37.5%," $21,152,060 ", $2.37 ,10.6%," 15,780 ",56%,44%
NE,2010,13.3%," 243,790 ",130.0%,SNAP,185.0%,Other Nutrition Program,39.6%,18.9%,41.4%," $98,614,180 ", $2.35 ,21.5%," 96,700 ",61%,39%
NH,2010,10.9%," 143,150 ",185.0%,"SNAP, Other Nutrition Programs",185.0%,"SNAP, Other Nutrition Programs",48.4%,0.0%,51.6%," $65,050,540 ", $2.64 ,14.3%," 40,400 ",53%,47%
NJ,2010,13.5%," 1,190,130 ",185.0%,"SNAP, Other Nutrition Programs",185.0%,"SNAP, Other Nutrition Programs",55.3%,0.0%,44.7%," $546,967,220 ", $2.67 ,18.6%," 380,170 ",61%,39%
NM,2010,18.5%," 381,690 ",165.0%,SNAP,185.0%,Other Nutrition Program,67.2%,7.7%,25.1%," $155,709,380 ", $2.37 ,28.7%," 146,940 ",71%,29%
NV,2010,17.5%," 472,710 ",200.0%,"SNAP, Other Nutrition Programs",200.0%,"SNAP, Other Nutrition Programs",67.4%,0.0%,32.6%," $205,859,510 ", $2.53 ,28.2%," 184,890 ",61%,39%
NY,2010,14.2%," 2,757,270 ",130.0%,SNAP,185.0%,Other Nutrition Program,45.2%,19.1%,35.7%," $1,186,519,660 ", $2.50 ,21.3%," 902,070 ",62%,38%
OH,2010,18.1%," 2,083,240 ",130.0%,SNAP,185.0%,Other Nutrition Program,45.2%,17.0%,37.8%," $835,508,480 ", $2.33 ,25.9%," 693,110 ",66%,34%
OK,2010,17.7%," 664,890 ",130.0%,SNAP,185.0%,Other Nutrition Program,46.9%,19.1%,34.0%," $281,540,280 ", $2.46 ,26.6%," 244,050 ",63%,37%
OR,2010,17.5%," 671,440 ",185.0%,"SNAP, Other Nutrition Programs",185.0%,"SNAP, Other Nutrition Programs",70.2%,0.0%,29.8%," $295,871,280 ", $2.56 ,29.0%," 247,380 ",65%,35%
PA,2010,14.6%," 1,850,140 ",160.0%,SNAP,185.0%,Other Nutrition Program,50.4%,8.2%,41.5%," $805,713,700 ", $2.53 ,20.3%," 555,110 ",65%,35%
RI,2010,15.3%," 161,360 ",185.0%,"SNAP, Other Nutrition Programs",185.0%,"SNAP, Other Nutrition Programs",61.1%,0.0%,38.9%," $75,547,560 ", $2.72 ,21.5%," 47,660 ",68%,32%
SC,2010,18.8%," 870,420 ",130.0%,SNAP,185.0%,Other Nutrition Program,47.4%,21.5%,31.1%," $353,587,170 ", $2.36 ,27.1%," 288,640 ",69%,31%
SD,2010,12.6%," 102,470 ",130.0%,SNAP,185.0%,Other Nutrition Program,45.6%,16.6%,37.8%," $43,213,400 ", $2.45 ,17.9%," 35,450 ",62%,38%
TN,2010,17.6%," 1,116,550 ",130.0%,SNAP,185.0%,Other Nutrition Program,48.5%,21.6%,29.9%," $488,166,000 ", $2.54 ,25.1%," 368,490 ",74%,26%
TX,2010,18.5%," 4,672,780 ",165.0%,SNAP,185.0%,Other Nutrition Program,63.7%,7.7%,28.6%," $1,857,988,190 ", $2.31 ,27.1%," 1,845,670 ",68%,32%
UT,2010,17.0%," 472,000 ",130.0%,SNAP,185.0%,Other Nutrition Program,41.7%,19.5%,38.8%," $210,425,030 ", $2.59 ,22.0%," 189,540 ",56%,44%
VA,2010,12.4%," 992,490 ",130.0%,SNAP,185.0%,Other Nutrition Program,38.8%,21.8%,39.4%," $428,800,710 ", $2.51 ,16.4%," 300,430 ",63%,37%
VT,2010,14.1%," 88,260 ",185.0%,"SNAP, Other Nutrition Programs",185.0%,"SNAP, Other Nutrition Programs",58.8%,0.0%,41.2%," $38,436,170 ", $2.53 ,20.5%," 25,960 ",60%,40%
WA,2010,15.9%," 1,069,360 ",200.0%,"SNAP, Other Nutrition Programs",200.0%,"SNAP, Other Nutrition Programs",63.7%,0.0%,36.3%," $465,693,410 ", $2.53 ,24.2%," 378,020 ",62%,38%
WI,2010,13.3%," 756,120 ",200.0%,"SNAP, Other Nutrition Programs",200.0%,"SNAP, Other Nutrition Programs",64.0%,0.0%,36.0%," $311,060,070 ", $2.39 ,21.4%," 279,920 ",64%,36%
WV,2010,14.7%," 271,750 ",130.0%,SNAP,185.0%,Other Nutrition Program,49.4%,17.2%,33.4%," $112,262,940 ", $2.40 ,21.1%," 79,360 ",65%,35%
WY,2010,12.2%," 68,760 ",130.0%,SNAP,185.0%,Other Nutrition Program,37.2%,21.2%,41.7%," $28,760,590 ", $2.43 ,18.6%," 25,060 ",58%,43%
AL,2011,19.5%,936410,130.0%,SNAP,185.0%,Other Nutrition Program,51.2%,20.5%,28.3%,"$403,023,850",$2.64,26.3%,292740,75%,25%
AK,2011,14.7%,106200,130.0%,SNAP,185.0%,Other Nutrition Program,41.6%,22.7%,35.7%,"$50,209,200",$2.90,20.3%,37640,65%,35%
AZ,2011,19.1%,1237540,185.0%,"SNAP, Other Nutrition Programs",185.0%,"SNAP, Other Nutrition Programs",68.5%,0.0%,31.5%,"$502,364,990",$2.49,29.9%,478420,72%,28%
AR,2011,19.7%,579200,130.0%,SNAP,185.0%,Other Nutrition Program,52.3%,20.1%,27.7%,"$237,008,030",$2.51,28.4%,198750,73%,27%
CA,2011,17.4%,6568450,130.0%,SNAP,185.0%,Other Nutrition Program,54.0%,18.7%,27.3%,"$2,923,387,080",$2.73,27.3%,2487750,71%,29%
CO,2011,15.5%,795300,130.0%,SNAP,185.0%,Other Nutrition Program,46.0%,18.4%,35.6%,"$352,663,620",$2.72,21.9%,266090,64%,36%
CT,2011,14.5%,520350,185.0%,"SNAP, Other Nutrition Programs",185.0%,"SNAP, Other Nutrition Programs",54.0%,0.0%,46.0%,"$239,224,380",$2.82,19.8%,157550,58%,42%
DE,2011,13.2%,120020,200.0%,"SNAP, Other Nutrition Programs",200.0%,"SNAP, Other Nutrition Programs",59.1%,0.0%,40.9%,"$53,808,030",$2.75,18.3%,36860,71%,29%
DC,2011,15.7%,97120,200.0%,"SNAP, Other Nutrition Programs",200.0%,"SNAP, Other Nutrition Programs",61.1%,0.0%,38.9%,"$56,524,620",$3.57,30.0%,31460,63%,37%
FL,2011,18.7%,3558910,200.0%,"SNAP, Other Nutrition Programs",200.0%,"SNAP, Other Nutrition Programs",67.6%,0.0%,32.4%,"$1,601,352,210",$2.76,28.4%,1118050,69%,31%
GA,2011,20.0%,1965340,130.0%,SNAP,185.0%,Other Nutrition Program,52.7%,18.9%,28.4%,"$829,847,390",$2.59,28.8%,707390,70%,30%
HI,2011,14.6%,200100,200.0%,"SNAP, Other Nutrition Programs",200.0%,"SNAP, Other Nutrition Programs",52.0%,0.0%,48.0%,"$87,426,410",$2.68,23.7%,71020,52%,48%
ID,2011,17.3%,274230,130.0%,SNAP,185.0%,Other Nutrition Program,45.8%,23.3%,30.8%,"$117,579,470",$2.63,23.0%,96090,67%,33%
IL,2011,15.2%,1957450,130.0%,SNAP,185.0%,Other Nutrition Program,50.2%,17.1%,32.8%,"$762,692,290",$2.39,22.7%,692100,68%,32%
IN,2011,16.3%,1063990,130.0%,SNAP,185.0%,Other Nutrition Program,52.4%,16.9%,30.7%,"$404,160,850",$2.33,22.7%,355780,69%,31%
IA,2011,12.9%,395620,160.0%,SNAP,185.0%,Other Nutrition Program,53.1%,9.3%,37.7%,"$152,212,750",$2.36,19.3%,137120,60%,40%
KS,2011,15.1%,433260,130.0%,SNAP,185.0%,Other Nutrition Program,47.1%,18.0%,34.9%,"$177,289,530",$2.51,22.6%,160770,67%,33%
KY,2011,17.2%,749490,130.0%,SNAP,185.0%,Other Nutrition Program,55.5%,16.6%,27.9%,"$294,471,770",$2.41,22.4%,224800,75%,25%
LA,2011,17.1%,784450,130.0%,SNAP,185.0%,Other Nutrition Program,56.4%,16.3%,27.2%,"$332,505,930",$2.60,23.5%,259520,70%,30%
ME,2011,15.7%,208620,185.0%,"SNAP, Other Nutrition Programs",185.0%,"SNAP, Other Nutrition Programs",65.1%,0.0%,34.9%,"$101,352,150",$2.98,23.9%,62810,69%,31%
MD,2011,13.4%,781200,200.0%,"SNAP, Other Nutrition Programs",200.0%,"SNAP, Other Nutrition Programs",53.5%,0.0%,46.5%,"$350,231,900",$2.75,19.0%,251730,57%,43%
MA,2011,12.3%,809920,200.0%,"SNAP, Other Nutrition Programs",200.0%,"SNAP, Other Nutrition Programs",56.4%,0.0%,43.6%,"$388,195,260",$2.94,16.5%,229170,61%,39%
MI,2011,17.9%,1769790,200.0%,"SNAP, Other Nutrition Programs",200.0%,"SNAP, Other Nutrition Programs",68.7%,0.0%,31.3%,"$701,114,240",$2.43,23.7%,533470,69%,31%
MN,2011,11.4%,607920,165.0%,SNAP,185.0%,Other Nutrition Program,56.6%,7.1%,36.3%,"$253,715,600",$2.56,16.6%,209830,65%,35%
MS,2011,21.4%,638460,130.0%,SNAP,185.0%,Other Nutrition Program,57.4%,19.4%,23.2%,"$275,829,270",$2.65,27.4%,202980,76%,24%
MO,2011,17.1%,1029030,130.0%,SNAP,185.0%,Other Nutrition Program,49.4%,20.3%,30.3%,"$411,012,370",$2.45,22.5%,312440,68%,32%
MT,2011,14.9%,149020,200.0%,"SNAP, Other Nutrition Programs",200.0%,"SNAP, Other Nutrition Programs",62.8%,0.0%,37.2%,"$61,950,600",$2.55,21.8%,47720,64%,36%
NE,2011,13.7%,252060,130.0%,SNAP,185.0%,Other Nutrition Program,41.4%,17.8%,40.9%,"$100,677,120",$2.45,21.0%,94940,62%,38%
NV,2011,17.4%,472660,200.0%,"SNAP, Other Nutrition Programs",200.0%,"SNAP, Other Nutrition Programs",67.8%,0.0%,32.2%,"$197,264,800",$2.56,28.0%,183360,66%,34%
NH,2011,10.6%,139910,185.0%,"SNAP, Other Nutrition Programs",185.0%,"SNAP, Other Nutrition Programs",52.3%,0.0%,47.7%,"$64,549,960",$2.83,14.7%,40490,55%,45%
NJ,2011,14.0%,1230690,185.0%,"SNAP, Other Nutrition Programs",185.0%,"SNAP, Other Nutrition Programs",60.9%,0.0%,39.1%,"$565,794,290",$2.82,19.0%,383020,62%,38%
NM,2011,20.1%,417780,165.0%,SNAP,185.0%,Other Nutrition Program,68.4%,7.3%,24.3%,"$168,911,840",$2.48,30.6%,156930,78%,22%
NY,2011,14.7%,2853190,130.0%,SNAP,185.0%,Other Nutrition Program,53.2%,17.1%,29.7%,"$1,246,597,540",$2.68,22.0%,924970,67%,33%
NC,2011,19.3%,1863330,200.0%,"SNAP, Other Nutrition Programs",200.0%,"SNAP, Other Nutrition Programs",66.9%,0.0%,33.1%,"$786,774,580",$2.59,27.3%,618200,71%,29%
ND,2011,7.4%,50400,200.0%,"SNAP, Other Nutrition Programs",200.0%,"SNAP, Other Nutrition Programs",61.2%,0.0%,38.8%,"$21,034,460",$2.56,10.2%,15250,61%,39%
OH,2011,17.8%,2054290,130.0%,SNAP,185.0%,Other Nutrition Program,50.8%,15.7%,33.4%,"$807,122,720",$2.41,25.7%,679900,68%,32%
OK,2011,17.2%,653820,130.0%,SNAP,185.0%,Other Nutrition Program,50.7%,17.6%,31.6%,"$275,003,790",$2.58,25.3%,233350,67%,33%
OR,2011,17.9%,694050,185.0%,"SNAP, Other Nutrition Programs",185.0%,"SNAP, Other Nutrition Programs",71.5%,0.0%,28.5%,"$293,056,460",$2.59,29.1%,245260,66%,34%
PA,2011,14.9%,1894550,160.0%,SNAP,185.0%,Other Nutrition Program,54.3%,9.0%,36.7%,"$821,577,400",$2.66,20.5%,559120,65%,35%
RI,2011,15.3%,161050,185.0%,"SNAP, Other Nutrition Programs",185.0%,"SNAP, Other Nutrition Programs",60.8%,0.0%,39.2%,"$75,616,050",$2.88,22.2%,47780,69%,31%
SC,2011,18.6%,870210,130.0%,SNAP,185.0%,Other Nutrition Program,54.7%,19.6%,25.8%,"$353,251,650",$2.49,27.4%,292800,70%,30%
SD,2011,12.5%,103180,130.0%,SNAP,185.0%,Other Nutrition Program,45.7%,16.8%,37.6%,"$43,735,050",$2.60,18.3%,36110,60%,40%
TN,2011,17.6%,1127190,130.0%,SNAP,185.0%,Other Nutrition Program,53.2%,21.0%,25.8%,"$488,809,390",$2.66,25.1%,369020,75%,25%
TX,2011,18.7%,4812760,165.0%,SNAP,185.0%,Other Nutrition Program,65.4%,8.2%,26.3%,"$1,788,915,510",$2.28,27.6%,1894060,70%,30%
UT,2011,16.7%,471850,130.0%,SNAP,185.0%,Other Nutrition Program,43.2%,18.3%,38.5%,"$182,311,090",$2.37,21.4%,186170,58%,42%
VT,2011,13.1%,81750,185.0%,"SNAP, Other Nutrition Programs",185.0%,"SNAP, Other Nutrition Programs",62.4%,0.0%,37.6%,"$39,182,840",$2.94,19.3%,23670,59%,41%
VA,2011,12.7%,1026730,130.0%,SNAP,185.0%,Other Nutrition Program,45.5%,18.0%,36.5%,"$461,983,120",$2.76,16.5%,301980,61%,39%
WA,2011,16.1%,1101490,200.0%,"SNAP, Other Nutrition Programs",200.0%,"SNAP, Other Nutrition Programs",61.1%,0.0%,38.9%,"$474,073,050",$2.64,24.3%,375880,65%,35%
WV,2011,15.3%,283300,130.0%,SNAP,185.0%,Other Nutrition Program,51.0%,17.7%,31.3%,"$117,773,490",$2.55,21.8%,82220,66%,34%
WI,2011,13.0%,744410,200.0%,"SNAP, Other Nutrition Programs",200.0%,"SNAP, Other Nutrition Programs",65.5%,0.0%,34.5%,"$290,048,670",$2.39,20.8%,270150,65%,35%
WY,2011,12.0%,68120,130.0%,SNAP,185.0%,Other Nutrition Program,38.5%,22.1%,39.4%,"$29,651,500",$2.67,18.0%,23820,57%,43%
AL,2012,18.6%,"895,430",130%,SNAP,185%,Other Nutrition Program,53.3%,18.5%,28.2%,"$430,525,000",$2.75,25.8%,"289,960",74%,26%
AK,2012,14.0%,"102,180",130%,SNAP,185%,Other Nutrition Program,44.7%,18.2%,37.1%,"$55,653,000",$3.11,19.6%,"36,650",61%,39%
AZ,2012,17.8%,"1,169,570",185%,"SNAP, Other Nutrition Programs",185%,"SNAP, Other Nutrition Programs",69.3%,0.0%,30.7%,"$526,731,000",$2.57,28.2%,"456,760",71%,29%
AR,2012,19.4%,"573,030",130%,SNAP,185%,Other Nutrition Program,54.3%,16.6%,29.0%,"$260,570,000",$2.60,27.7%,"196,950",73%,27%
CA,2012,16.2%,"6,179,590",130%,SNAP,185%,Other Nutrition Program,58.1%,15.8%,26.1%,"$3,032,920,000",$2.80,26.3%,"2,426,510",71%,29%
CO,2012,14.6%,"755,730",130%,SNAP,185%,Other Nutrition Program,48.2%,16.3%,35.5%,"$375,542,000",$2.84,21.3%,"262,110",64%,36%
CT,2012,13.9%,"498,460",185%,"SNAP, Other Nutrition Programs",185%,"SNAP, Other Nutrition Programs",54.3%,0.0%,45.7%,"$255,104,000",$2.92,19.6%,"155,380",57%,43%
DE,2012,13.0%,"119,500",200%,"SNAP, Other Nutrition Programs",200%,"SNAP, Other Nutrition Programs",65.4%,0.0%,34.6%,"$60,381,000",$2.89,18.3%,"37,430",74%,26%
DC,2012,14.5%,"91,540",200%,"SNAP, Other Nutrition Programs",200%,"SNAP, Other Nutrition Programs",70.4%,0.0%,29.6%,"$60,483,000",$3.77,28.0%,"30,600",68%,32%
FL,2012,17.9%,"3,448,220",200%,"SNAP, Other Nutrition Programs",200%,"SNAP, Other Nutrition Programs",73.5%,0.0%,26.5%,"$1,737,045,000",$2.88,27.6%,"1,103,850",70%,30%
GA,2012,18.9%,"1,874,590",130%,SNAP,185%,Other Nutrition Program,55.4%,16.8%,27.8%,"$887,782,000",$2.70,28.1%,"700,780",71%,29%
HI,2012,14.2%,"197,280",200%,"SNAP, Other Nutrition Programs",200%,"SNAP, Other Nutrition Programs",56.2%,0.0%,43.8%,"$98,954,000",$2.86,23.9%,"72,390",52%,48%
ID,2012,15.8%,"252,060",130%,SNAP,185%,Other Nutrition Program,49.7%,19.8%,30.4%,"$118,756,000",$2.69,21.6%,"91,730",68%,32%
IL,2012,14.2%,"1,833,810",130%,SNAP,185%,Other Nutrition Program,51.5%,15.6%,32.9%,"$791,626,000",$2.46,21.6%,"661,950",67%,33%
IN,2012,15.7%,"1,023,650",130%,SNAP,185%,Other Nutrition Program,54.1%,14.8%,31.0%,"$435,300,000",$2.43,21.8%,"345,730",71%,29%
IA,2012,12.7%,"389,730",160%,SNAP,185%,Other Nutrition Program,52.4%,7.8%,39.8%,"$168,364,000",$2.47,19.3%,"139,200",56%,44%
KS,2012,14.8%,"426,850",130%,SNAP,185%,Other Nutrition Program,50.1%,15.2%,34.7%,"$195,411,000",$2.61,22.5%,"162,400",68%,32%
KY,2012,16.7%,"730,480",130%,SNAP,185%,Other Nutrition Program,58.0%,13.6%,28.4%,"$321,101,000",$2.51,21.6%,"220,170",74%,26%
LA,2012,16.9%,"778,200",130%,SNAP,185%,Other Nutrition Program,57.5%,14.9%,27.6%,"$371,618,000",$2.73,23.4%,"261,960",72%,28%
ME,2012,15.5%,"206,000",185%,"SNAP, Other Nutrition Programs",185%,"SNAP, Other Nutrition Programs",63.7%,0.0%,36.3%,"$111,393,000",$3.09,24.1%,"64,200",69%,31%
MD,2012,13.1%,"773,200",200%,"SNAP, Other Nutrition Programs",200%,"SNAP, Other Nutrition Programs",59.0%,0.0%,41.0%,"$388,236,000",$2.87,19.3%,"259,330",57%,43%
MA,2012,11.9%,"789,800",200%,"SNAP, Other Nutrition Programs",200%,"SNAP, Other Nutrition Programs",63.1%,0.0%,36.9%,"$420,701,000",$3.04,16.6%,"232,270",62%,38%
MI,2012,16.8%,"1,660,050",200%,"SNAP, Other Nutrition Programs",200%,"SNAP, Other Nutrition Programs",73.5%,0.0%,26.5%,"$737,072,000",$2.54,22.3%,"505,730",68%,32%
MN,2012,10.7%,"578,070",165%,SNAP,185%,Other Nutrition Program,58.9%,5.3%,35.9%,"$274,262,000",$2.71,16.1%,"205,910",65%,35%
MS,2012,22.3%,"665,790",130%,SNAP,185%,Other Nutrition Program,59.4%,15.9%,24.7%,"$324,903,000",$2.79,28.7%,"214,720",75%,25%
MO,2012,17.1%,"1,031,030",130%,SNAP,185%,Other Nutrition Program,51.5%,17.7%,30.7%,"$457,126,000",$2.53,22.0%,"308,110",68%,32%
MT,2012,14.6%,"146,580",200%,"SNAP, Other Nutrition Programs",200%,"SNAP, Other Nutrition Programs",67.9%,0.0%,32.1%,"$68,331,000",$2.66,22.0%,"48,500",64%,36%
NE,2012,13.4%,"248,100",130%,SNAP,185%,Other Nutrition Program,44.0%,14.6%,41.4%,"$111,715,000",$2.57,20.7%,"95,680",62%,39%
NV,2012,16.8%,"464,090",200%,"SNAP, Other Nutrition Programs",200%,"SNAP, Other Nutrition Programs",75.3%,0.0%,24.7%,"$214,671,000",$2.64,28.1%,"186,380",69%,31%
NH,2012,10.9%,"144,290",185%,"SNAP, Other Nutrition Programs",185%,"SNAP, Other Nutrition Programs",52.9%,0.0%,47.1%,"$73,905,000",$2.92,16.2%,"44,440",55%,45%
NJ,2012,13.0%,"1,151,890",185%,"SNAP, Other Nutrition Programs",185%,"SNAP, Other Nutrition Programs",62.0%,0.0%,38.0%,"$600,738,000",$2.98,18.5%,"375,240",64%,36%
NM,2012,18.6%,"387,100",165%,SNAP,185%,Other Nutrition Program,69.3%,5.8%,24.9%,"$175,675,000",$2.59,29.2%,"150,390",76%,24%
NY,2012,14.1%,"2,758,740",200%,"SNAP, Other Nutrition Programs",200%,"SNAP, Other Nutrition Programs",73.5%,0.0%,26.5%,"$1,359,183,000",$2.81,21.8%,"927,150",67%,33%
NC,2012,18.6%,"1,813,870",200%,"SNAP, Other Nutrition Programs",200%,"SNAP, Other Nutrition Programs",73.2%,0.0%,26.8%,"$854,416,000",$2.69,26.7%,"608,850",72%,28%
ND,2012,7.7%,"54,140",200%,"SNAP, Other Nutrition Programs",200%,"SNAP, Other Nutrition Programs",59.8%,0.0%,40.2%,"$25,799,000",$2.72,10.6%,"16,350",51%,49%
OH,2012,17.2%,"1,982,170",130%,SNAP,185%,Other Nutrition Program,53.6%,14.1%,32.2%,"$867,931,000",$2.50,25.2%,"671,090",67%,33%
OK,2012,17.2%,"656,300",130%,SNAP,185%,Other Nutrition Program,52.7%,16.2%,31.1%,"$305,922,000",$2.66,25.6%,"239,380",67%,33%
OR,2012,16.7%,"653,000",185%,"SNAP, Other Nutrition Programs",185%,"SNAP, Other Nutrition Programs",72.0%,0.0%,28.0%,"$302,837,000",$2.65,27.3%,"235,410",68%,32%
PA,2012,14.3%,"1,828,730",160%,SNAP,185%,Other Nutrition Program,55.8%,7.6%,36.6%,"$879,686,000",$2.75,20.6%,"562,770",66%,34%
RI,2012,14.7%,"153,940",185%,"SNAP, Other Nutrition Programs",185%,"SNAP, Other Nutrition Programs",62.3%,0.0%,37.7%,"$79,077,000",$2.93,21.3%,"46,150",68%,32%
SC,2012,18.0%,"848,590",130%,SNAP,185%,Other Nutrition Program,55.5%,18.3%,26.2%,"$387,989,000",$2.61,26.4%,"284,880",71%,29%
SD,2012,12.3%,"102,860",130%,SNAP,185%,Other Nutrition Program,45.7%,16.2%,38.1%,"$49,405,000",$2.74,18.5%,"37,770",62%,38%
TN,2012,17.1%,"1,101,800",130%,SNAP,185%,Other Nutrition Program,54.9%,18.6%,26.6%,"$534,330,000",$2.77,24.7%,"368,530",73%,27%
TX,2012,18.3%,"4,773,850",165%,SNAP,185%,Other Nutrition Program,66.6%,7.3%,26.1%,"$2,007,186,000",$2.40,27.4%,"1,909,470",70%,30%
UT,2012,15.5%,"443,830",130%,SNAP,185%,Other Nutrition Program,47.0%,17.5%,35.5%,"$196,493,000",$2.53,20.7%,"183,320",62%,38%
VT,2012,13.4%,"83,630",185%,"SNAP, Other Nutrition Programs",185%,"SNAP, Other Nutrition Programs",62.8%,0.0%,37.2%,"$44,884,000",$3.06,19.8%,"24,530",63%,37%
VA,2012,12.1%,"993,530",130%,SNAP,185%,Other Nutrition Program,47.8%,18.3%,33.9%,"$497,973,000",$2.86,16.2%,"299,600",62%,38%
WA,2012,15.0%,"1,031,460",200%,"SNAP, Other Nutrition Programs",200%,"SNAP, Other Nutrition Programs",67.3%,0.0%,32.7%,"$486,204,000",$2.69,23.4%,"370,380",63%,37%
WV,2012,15.0%,"278,280",130%,SNAP,185%,Other Nutrition Program,52.1%,15.3%,32.6%,"$126,468,000",$2.59,21.7%,"83,190",68%,32%
WI,2012,12.6%,"724,370",200%,"SNAP, Other Nutrition Programs",200%,"SNAP, Other Nutrition Programs",69.5%,0.0%,30.5%,"$313,641,000",$2.47,20.7%,"273,140",64%,36%
WY,2012,13.0%,"74,960",130%,SNAP,185%,Other Nutrition Program,41.4%,16.7%,41.9%,"$36,470,000",$2.78,19.2%,"26,190",50%,50%
AL,2013,18.8%,"908,770",130%,SNAP,185%,Other Nutrition Program,53.9%,17.7%,28.4%,"$444,265,000",$2.76,26.2%,"294,060",76%,24%
AK,2013,14.2%,"104,750",130%,SNAP,185%,Other Nutrition Program,41.1%,19.2%,39.7%,"$59,107,000",$3.19,20.0%,"37,590",60%,40%
AZ,2013,17.5%,"1,161,390",185%,"SNAP, Other Nutrition Programs",185%,"SNAP, Other Nutrition Programs",69.4%,0.0%,30.6%,"$561,993,000",$2.73,28.0%,"454,460",72%,28%
AR,2013,19.7%,"584,270",130%,SNAP,185%,Other Nutrition Program,55.8%,16.7%,27.5%,"$273,570,000",$2.65,28.4%,"201,820",76%,24%
CA,2013,15.0%,"5,731,740",200%,"SNAP, Other Nutrition Programs",200%,"SNAP, Other Nutrition Programs",78.1%,0.0%,21.9%,"$3,037,087,000",$2.99,25.1%,"2,316,570",71%,29%
CO,2013,13.9%,"733,080",130%,SNAP,185%,Other Nutrition Program,49.1%,16.4%,34.5%,"$386,399,000",$2.98,20.6%,"253,000",65%,35%
CT,2013,13.6%,"488,350",185%,"SNAP, Other Nutrition Programs",185%,"SNAP, Other Nutrition Programs",54.6%,0.0%,45.4%,"$253,481,000",$2.93,19.0%,"152,990",59%,41%
DE,2013,13.2%,"122,310",200%,"SNAP, Other Nutrition Programs",200%,"SNAP, Other Nutrition Programs",66.2%,0.0%,33.8%,"$62,711,000",$2.90,19.4%,"39,780",71%,29%
DC,2013,15.0%,"96,940",200%,"SNAP, Other Nutrition Programs",200%,"SNAP, Other Nutrition Programs",73.4%,0.0%,26.6%,"$60,267,000",$3.51,30.5%,"32,100",70%,30%
FL,2013,17.0%,"3,315,550",200%,"SNAP, Other Nutrition Programs",200%,"SNAP, Other Nutrition Programs",73.3%,0.0%,26.7%,"$1,714,988,000",$2.92,26.7%,"1,071,760",70%,30%
GA,2013,18.7%,"1,871,790",130%,SNAP,185%,Other Nutrition Program,55.6%,16.6%,27.8%,"$910,560,000",$2.75,28.2%,"700,870",73%,27%
HI,2013,13.8%,"193,940",200%,"SNAP, Other Nutrition Programs",200%,"SNAP, Other Nutrition Programs",57.7%,0.0%,42.3%,"$102,567,000",$2.99,22.4%,"68,450",50%,50%
ID,2013,15.6%,"250,830",130%,SNAP,185%,Other Nutrition Program,50.1%,20.1%,29.8%,"$123,492,000",$2.78,21.1%,"90,240",72%,28%
IL,2013,13.6%,"1,755,180",130%,SNAP,185%,Other Nutrition Program,52.4%,15.4%,32.1%,"$787,542,000",$2.54,20.8%,"643,040",69%,31%
IN,2013,15.4%,"1,012,970",130%,SNAP,185%,Other Nutrition Program,56.1%,15.0%,28.9%,"$440,889,000",$2.46,21.8%,"348,570",73%,27%
IA,2013,12.6%,"389,250",160%,SNAP,185%,Other Nutrition Program,52.3%,8.1%,39.5%,"$173,068,000",$2.51,19.3%,"139,850",59%,41%
KS,2013,14.5%,"419,330",130%,SNAP,185%,Other Nutrition Program,49.4%,15.7%,34.9%,"$198,903,000",$2.68,22.3%,"161,740",67%,33%
KY,2013,16.4%,"722,330",130%,SNAP,185%,Other Nutrition Program,57.9%,13.3%,28.7%,"$324,612,000",$2.54,21.7%,"221,780",75%,25%
LA,2013,16.8%,"777,650",130%,SNAP,185%,Other Nutrition Program,58.4%,13.4%,28.3%,"$376,268,000",$2.73,24.3%,"271,500",72%,28%
ME,2013,15.5%,"206,090",185%,"SNAP, Other Nutrition Programs",185%,"SNAP, Other Nutrition Programs",65.0%,0.0%,35.0%,"$113,989,000",$3.12,22.7%,"61,080",69%,31%
MD,2013,12.8%,"757,430",200%,"SNAP, Other Nutrition Programs",200%,"SNAP, Other Nutrition Programs",59.4%,0.0%,40.6%,"$391,669,000",$2.92,19.1%,"258,110",58%,42%
MA,2013,11.5%,"767,550",200%,"SNAP, Other Nutrition Programs",200%,"SNAP, Other Nutrition Programs",64.1%,0.0%,35.9%,"$414,876,000",$3.05,16.5%,"232,150",64%,36%
MI,2013,16.4%,"1,623,410",200%,"SNAP, Other Nutrition Programs",200%,"SNAP, Other Nutrition Programs",73.9%,0.0%,26.1%,"$737,256,000",$2.57,20.9%,"480,490",70%,30%
MN,2013,10.6%,"572,760",165%,SNAP,185%,Other Nutrition Program,59.0%,5.8%,35.2%,"$277,568,000",$2.74,16.0%,"205,050",67%,33%
MS,2013,22.7%,"679,750",130%,SNAP,185%,Other Nutrition Program,59.8%,15.0%,25.2%,"$335,570,000",$2.79,29.0%,"217,220",75%,25%
MO,2013,17.0%,"1,030,030",130%,SNAP,185%,Other Nutrition Program,51.7%,17.5%,30.8%,"$474,080,000",$2.60,21.6%,"304,810",69%,31%
MT,2013,14.2%,"144,440",200%,"SNAP, Other Nutrition Programs",200%,"SNAP, Other Nutrition Programs",66.9%,0.0%,33.1%,"$69,699,000",$2.73,22.1%,"49,300",64%,36%
NE,2013,13.2%,"246,960",130%,SNAP,185%,Other Nutrition Program,46.2%,14.6%,39.2%,"$115,138,000",$2.63,21.1%,"97,080",66%,34%
NV,2013,15.8%,"441,190",200%,"SNAP, Other Nutrition Programs",200%,"SNAP, Other Nutrition Programs",75.1%,0.0%,24.9%,"$216,105,000",$2.77,26.7%,"176,810",70%,30%
NH,2013,10.8%,"143,200",185%,"SNAP, Other Nutrition Programs",185%,"SNAP, Other Nutrition Programs",53.5%,0.0%,46.5%,"$75,067,000",$2.96,15.0%,"42,170",57%,43%
NJ,2013,12.4%,"1,101,750",185%,"SNAP, Other Nutrition Programs",185%,"SNAP, Other Nutrition Programs",64.1%,0.0%,35.9%,"$564,887,000",$2.90,18.3%,"374,350",65%,35%
NM,2013,17.3%,"360,920",165%,SNAP,185%,Other Nutrition Program,71.3%,5.9%,22.9%,"$170,231,000",$2.66,28.3%,"145,280",76%,24%
NY,2013,13.9%,"2,739,920",200%,"SNAP, Other Nutrition Programs",200%,"SNAP, Other Nutrition Programs",73.3%,0.0%,26.7%,"$1,385,728,000",$2.86,21.9%,"938,610",69%,31%
NC,2013,18.3%,"1,801,940",200%,"SNAP, Other Nutrition Programs",200%,"SNAP, Other Nutrition Programs",73.0%,0.0%,27.0%,"$870,957,000",$2.73,26.1%,"595,240",73%,27%
ND,2013,7.8%,"56,430",200%,"SNAP, Other Nutrition Programs",200%,"SNAP, Other Nutrition Programs",62.5%,0.0%,37.5%,"$27,479,000",$2.75,10.9%,"16,780",58%,42%
OH,2013,16.9%,"1,951,880",130%,SNAP,185%,Other Nutrition Program,54.0%,13.5%,32.5%,"$885,586,000",$2.56,24.2%,"653,410",69%,31%
OK,2013,17.0%,"654,640",130%,SNAP,185%,Other Nutrition Program,52.1%,16.9%,31.0%,"$314,445,000",$2.71,26.0%,"242,990",69%,31%
OR,2013,15.8%,"619,040",185%,"SNAP, Other Nutrition Programs",185%,"SNAP, Other Nutrition Programs",74.5%,0.0%,25.5%,"$303,578,000",$2.77,25.9%,"223,480",69%,31%
PA,2013,14.2%,"1,808,660",160%,SNAP,185%,Other Nutrition Program,56.2%,7.6%,36.2%,"$892,571,000",$2.79,20.4%,"564,440",67%,33%
RI,2013,14.4%,"151,840",185%,"SNAP, Other Nutrition Programs",185%,"SNAP, Other Nutrition Programs",62.8%,0.0%,37.2%,"$77,449,000",$2.88,21.7%,"47,740",71%,29%
SC,2013,17.1%,"814,560",130%,SNAP,185%,Other Nutrition Program,56.9%,17.5%,25.6%,"$381,318,000",$2.64,25.2%,"271,560",72%,28%
SD,2013,12.4%,"105,120",130%,SNAP,185%,Other Nutrition Program,50.8%,14.2%,35.0%,"$51,928,000",$2.79,19.6%,"40,040",65%,35%
TN,2013,17.1%,"1,107,820",130%,SNAP,185%,Other Nutrition Program,56.1%,17.6%,26.3%,"$545,632,000",$2.78,25.4%,"379,780",74%,26%
TX,2013,17.6%,"4,653,290",165%,SNAP,185%,Other Nutrition Program,64.5%,5.5%,30.0%,"$2,019,234,000",$2.45,27.4%,"1,899,310",70%,30%
UT,2013,14.6%,"423,420",130%,SNAP,185%,Other Nutrition Program,46.6%,17.3%,36.1%,"$197,059,000",$2.63,20.4%,"179,130",60%,40%
VT,2013,13.6%,"85,010",185%,"SNAP, Other Nutrition Programs",185%,"SNAP, Other Nutrition Programs",63.9%,0.0%,36.1%,"$47,139,000",$3.13,19.2%,"24,330",65%,35%
VA,2013,11.9%,"982,650",130%,SNAP,185%,Other Nutrition Program,49.4%,17.2%,33.3%,"$508,665,000",$2.92,16.8%,"311,410",65%,35%
WA,2013,14.6%,"1,017,900",200%,"SNAP, Other Nutrition Programs",200%,"SNAP, Other Nutrition Programs",69.3%,0.0%,30.7%,"$509,330,000",$2.83,23.1%,"366,450",65%,35%
WV,2013,15.8%,"292,500",130%,SNAP,185%,Other Nutrition Program,52.0%,14.2%,33.8%,"$133,967,000",$2.59,23.3%,"89,880",67%,33%
WI,2013,12.4%,"714,000",200%,"SNAP, Other Nutrition Programs",200%,"SNAP, Other Nutrition Programs",70.3%,0.0%,29.7%,"$323,421,000",$2.56,20.4%,"270,460",67%,33%
WY,2013,12.8%,"74,470",130%,SNAP,185%,Other Nutrition Program,40.7%,15.4%,43.9%,"$38,447,000",$2.92,18.6%,"25,420",54%,46%
AL,2014,18.8%,"911,440",130%,SNAP,185%,Other Nutrition Program,53.3%,16.3%,30.4%,"$466,367,000",$2.90,26.4%,"292,330",73%,27%
AK,2014,14.4%,"105,770",130%,SNAP,185%,Other Nutrition Program,44.5%,15.1%,40.4%,"$62,181,000",$3.33,20.4%,"38,080",58%,42%
AZ,2014,17.1%,"1,150,650",185%,"SNAP, Other Nutrition Programs",185%,"SNAP, Other Nutrition Programs",67.0%,0.0%,33.0%,"$563,767,000",$2.78,26.8%,"434,840",68%,32%
AR,2014,19.1%,"567,250",130%,SNAP,185%,Other Nutrition Program,53.4%,16.5%,30.2%,"$272,668,000",$2.72,26.3%,"185,660",72%,28%
CA,2014,13.9%,"5,401,770",200%,"SNAP, Other Nutrition Programs",200%,"SNAP, Other Nutrition Programs",78.6%,0.0%,21.4%,"$2,896,128,000",$3.04,22.9%,"2,099,120",68%,32%
CO,2014,12.9%,"692,840",130%,SNAP,185%,Other Nutrition Program,47.7%,15.6%,36.7%,"$372,418,000",$3.04,18.1%,"226,350",64%,36%
CT,2014,13.1%,"472,540",185%,"SNAP, Other Nutrition Programs",185%,"SNAP, Other Nutrition Programs",55.7%,0.0%,44.3%,"$254,876,000",$3.06,18.1%,"140,290",62%,38%
DE,2014,12.6%,"117,970",200%,"SNAP, Other Nutrition Programs",200%,"SNAP, Other Nutrition Programs",64.3%,0.0%,35.7%,"$62,194,000",$2.99,17.8%,"36,380",67%,33%
DC,2014,13.8%,"90,900",200%,"SNAP, Other Nutrition Programs",200%,"SNAP, Other Nutrition Programs",73.1%,0.0%,26.9%,"$56,025,000",$3.49,25.9%,"29,820",68%,32%
FL,2014,16.2%,"3,227,600",200%,"SNAP, Other Nutrition Programs",200%,"SNAP, Other Nutrition Programs",74.6%,0.0%,25.4%,"$1,749,270,000",$3.07,24.9%,"1,007,870",70%,30%
GA,2014,17.7%,"1,783,450",130%,SNAP,185%,Other Nutrition Program,53.9%,15.7%,30.4%,"$895,589,000",$2.84,26.1%,"650,970",70%,30%
HI,2014,13.7%,"194,610",200%,"SNAP, Other Nutrition Programs",200%,"SNAP, Other Nutrition Programs",57.0%,0.0%,43.0%,"$106,454,000",$3.10,22.0%,"67,690",47%,53%
ID,2014,14.7%,"241,080",130%,SNAP,185%,Other Nutrition Program,49.2%,18.9%,31.9%,"$121,650,000",$2.86,19.3%,"83,110",67%,33%
IL,2014,12.9%,"1,658,280",165%,SNAP,185%,Other Nutrition Program,64.1%,3.0%,33.0%,"$771,485,000",$2.64,19.5%,"583,000",67%,33%
IN,2014,15.3%,"1,009,710",130%,SNAP,185%,Other Nutrition Program,53.6%,14.4%,32.0%,"$456,939,000",$2.56,21.2%,"335,410",70%,30%
IA,2014,12.4%,"384,830",160%,SNAP,185%,Other Nutrition Program,53.0%,5.0%,42.0%,"$177,919,000",$2.62,17.8%,"129,270",57%,43%
KS,2014,14.2%,"413,560",130%,SNAP,185%,Other Nutrition Program,48.1%,15.0%,36.8%,"$202,219,000",$2.77,21.3%,"153,940",66%,34%
KY,2014,16.8%,"743,310",130%,SNAP,185%,Other Nutrition Program,57.3%,12.9%,29.8%,"$346,164,000",$2.64,21.9%,"222,380",75%,25%
LA,2014,17.3%,"804,500",130%,SNAP,185%,Other Nutrition Program,56.6%,12.9%,30.5%,"$399,842,000",$2.82,24.5%,"272,760",70%,30%
ME,2014,15.3%,"202,910",185%,"SNAP, Other Nutrition Programs",185%,"SNAP, Other Nutrition Programs",60.7%,0.0%,39.3%,"$117,204,000",$3.27,23.3%,"60,010",64%,36%
MD,2014,12.7%,"760,300",200%,"SNAP, Other Nutrition Programs",200%,"SNAP, Other Nutrition Programs",61.2%,0.0%,38.8%,"$395,238,000",$2.94,18.3%,"247,560",59%,41%
MA,2014,11.1%,"745,470",200%,"SNAP, Other Nutrition Programs",200%,"SNAP, Other Nutrition Programs",66.7%,0.0%,33.3%,"$417,299,000",$3.17,15.1%,"210,050",63%,37%
MI,2014,15.7%,"1,559,020",200%,"SNAP, Other Nutrition Programs",200%,"SNAP, Other Nutrition Programs",74.8%,0.0%,25.2%,"$744,203,000",$2.70,19.7%,"437,100",68%,32%
MN,2014,10.4%,"568,770",165%,SNAP,185%,Other Nutrition Program,58.9%,3.3%,37.7%,"$288,846,000",$2.88,15.2%,"195,660",65%,35%
MS,2014,22.3%,"667,040",130%,SNAP,185%,Other Nutrition Program,55.1%,15.3%,29.5%,"$338,917,000",$2.88,27.4%,"200,600",73%,27%
MO,2014,16.8%,"1,019,350",130%,SNAP,185%,Other Nutrition Program,50.0%,16.5%,33.5%,"$480,486,000",$2.67,20.8%,"289,210",66%,34%
MT,2014,13.6%,"139,140",200%,"SNAP, Other Nutrition Programs",200%,"SNAP, Other Nutrition Programs",69.6%,0.0%,30.4%,"$69,518,000",$2.83,20.1%,"45,110",63%,37%
NE,2014,13.0%,"245,160",130%,SNAP,185%,Other Nutrition Program,43.4%,13.3%,43.3%,"$118,963,000",$2.75,19.7%,"92,230",61%,39%
NV,2014,14.9%,"423,210",200%,"SNAP, Other Nutrition Programs",200%,"SNAP, Other Nutrition Programs",77.8%,0.0%,22.2%,"$216,359,000",$2.90,24.3%,"161,260",68%,32%
NH,2014,10.5%,"139,730",185%,"SNAP, Other Nutrition Programs",185%,"SNAP, Other Nutrition Programs",51.1%,0.0%,48.9%,"$76,411,000",$3.10,15.5%,"41,350",55%,45%
NJ,2014,11.8%,"1,051,880",185%,"SNAP, Other Nutrition Programs",185%,"SNAP, Other Nutrition Programs",64.0%,0.0%,36.0%,"$552,797,000",$2.98,16.8%,"338,690",65%,35%
NM,2014,17.2%,"358,770",165%,SNAP,185%,Other Nutrition Program,71.0%,3.8%,25.1%,"$175,620,000",$2.77,27.2%,"136,070",75%,25%
NY,2014,13.5%,"2,672,460",200%,"SNAP, Other Nutrition Programs",200%,"SNAP, Other Nutrition Programs",75.1%,0.0%,24.9%,"$1,400,548,000",$2.97,20.9%,"884,170",68%,32%
NC,2014,17.7%,"1,764,800",200%,"SNAP, Other Nutrition Programs",200%,"SNAP, Other Nutrition Programs",74.4%,0.0%,25.6%,"$875,736,000",$2.81,24.6%,"564,240",72%,28%
ND,2014,8.0%,"59,320",200%,"SNAP, Other Nutrition Programs",200%,"SNAP, Other Nutrition Programs",59.6%,0.0%,40.4%,"$30,599,000",$2.92,11.4%,"19,070",55%,45%
OH,2014,16.8%,"1,943,340",130%,SNAP,185%,Other Nutrition Program,52.3%,12.9%,34.7%,"$911,848,000",$2.66,23.8%,"628,580",67%,33%
OK,2014,16.8%,"652,090",130%,SNAP,185%,Other Nutrition Program,49.9%,15.6%,34.5%,"$320,603,000",$2.78,23.8%,"226,390",65%,35%
OR,2014,15.2%,"605,100",185%,"SNAP, Other Nutrition Programs",185%,"SNAP, Other Nutrition Programs",74.0%,0.0%,26.0%,"$303,833,000",$2.84,24.5%,"210,290",68%,32%
PA,2014,13.8%,"1,760,450",160%,SNAP,185%,Other Nutrition Program,57.7%,5.3%,37.0%,"$895,714,000",$2.88,19.3%,"521,750",65%,35%
RI,2014,14.0%,"147,460",185%,"SNAP, Other Nutrition Programs",185%,"SNAP, Other Nutrition Programs",63.9%,0.0%,36.1%,"$76,405,000",$2.93,20.3%,"43,210",70%,30%
SC,2014,16.4%,"794,590",130%,SNAP,185%,Other Nutrition Program,56.4%,15.9%,27.7%,"$393,252,000",$2.80,23.4%,"253,340",71%,29%
SD,2014,12.4%,"105,880",130%,SNAP,185%,Other Nutrition Program,46.0%,13.2%,40.8%,"$54,553,000",$2.92,18.5%,"39,030",63%,37%
TN,2014,16.9%,"1,103,580",130%,SNAP,185%,Other Nutrition Program,56.0%,16.5%,27.5%,"$562,556,000",$2.89,24.0%,"357,920",72%,28%
TX,2014,17.0%,"4,578,670",165%,SNAP,185%,Other Nutrition Program,63.6%,4.5%,31.9%,"$2,045,312,000",$2.53,25.6%,"1,821,820",67%,33%
UT,2014,14.2%,"416,670",130%,SNAP,185%,Other Nutrition Program,43.8%,15.9%,40.4%,"$204,334,000",$2.78,18.2%,"164,440",55%,45%
VT,2014,13.5%,"84,870",185%,"SNAP, Other Nutrition Programs",185%,"SNAP, Other Nutrition Programs",60.3%,0.0%,39.7%,"$49,174,000",$3.28,19.1%,"23,310",59%,41%
VA,2014,11.8%,"983,880",130%,SNAP,185%,Other Nutrition Program,48.6%,16.9%,34.5%,"$523,149,000",$3.01,16.0%,"299,050",64%,36%
WA,2014,13.7%,"970,150",200%,"SNAP, Other Nutrition Programs",200%,"SNAP, Other Nutrition Programs",69.4%,0.0%,30.6%,"$497,509,000",$2.90,21.0%,"337,320",61%,39%
WV,2014,15.3%,"282,900",130%,SNAP,185%,Other Nutrition Program,51.4%,13.7%,34.8%,"$133,864,000",$2.68,21.5%,"82,220",68%,32%
WI,2014,11.9%,"687,370",200%,"SNAP, Other Nutrition Programs",200%,"SNAP, Other Nutrition Programs",70.9%,0.0%,29.1%,"$322,748,000",$2.66,19.1%,"248,570",64%,36%
WY,2014,12.6%,"73,400",130%,SNAP,185%,Other Nutrition Program,42.7%,14.4%,42.8%,"$39,387,000",$3.04,16.8%,"23,130",57%,43%
AL,2015,17.7%,"859,380",130%,SNAP,185%,Other Nutrition Program,53.9%,17.9%,28.2%,"$450,670,000",$2.92,24.1%,"267,040",73%,27%
AK,2015,13.9%,"102,670",130%,SNAP,185%,Other Nutrition Program,43.7%,17.5%,38.9%,"$62,743,000",$3.41,19.6%,"36,560",61%,39%
AZ,2015,15.8%,"1,078,190",185%,"SNAP, Other Nutrition Programs",185%,"SNAP, Other Nutrition Programs",69.3%,0.0%,30.7%,"$543,084,000",$2.81,24.0%,"389,850",69%,31%
AR,2015,18.4%,"549,070",130%,SNAP,185%,Other Nutrition Program,55.7%,17.4%,26.9%,"$267,757,000",$2.72,25.0%,"176,710",72%,28%
CA,2015,12.5%,"4,885,220",200%,"SNAP, Other Nutrition Programs",200%,"SNAP, Other Nutrition Programs",77.0%,0.0%,23.0%,"$2,750,484,000",$3.14,20.7%,"1,890,050",68%,32%
CO,2015,12.2%,"665,220",130%,SNAP,185%,Other Nutrition Program,46.7%,17.0%,36.4%,"$368,403,000",$3.09,16.5%,"207,650",63%,37%
CT,2015,12.2%,"437,530",185%,"SNAP, Other Nutrition Programs",185%,"SNAP, Other Nutrition Programs",57.8%,0.0%,42.2%,"$244,830,000",$3.12,16.7%,"127,400",60%,40%
DE,2015,12.1%,"114,060",200%,"SNAP, Other Nutrition Programs",200%,"SNAP, Other Nutrition Programs",66.6%,0.0%,33.4%,"$62,102,000",$3.04,17.3%,"35,310",70%,30%
DC,2015,12.6%,"84,540",200%,"SNAP, Other Nutrition Programs",200%,"SNAP, Other Nutrition Programs",73.7%,0.0%,26.3%,"$54,660,000",$3.61,23.6%,"27,800",72%,28%
FL,2015,15.1%,"3,056,280",200%,"SNAP, Other Nutrition Programs",200%,"SNAP, Other Nutrition Programs",73.3%,0.0%,26.7%,"$1,702,052,000",$3.11,22.7%,"930,730",71%,29%
GA,2015,16.2%,"1,659,710",130%,SNAP,185%,Other Nutrition Program,54.2%,18.7%,27.1%,"$858,223,000",$2.88,23.2%,"580,830",71%,29%
HI,2015,12.8%,"182,600",200%,"SNAP, Other Nutrition Programs",200%,"SNAP, Other Nutrition Programs",53.7%,0.0%,46.3%,"$105,633,000",$3.23,20.1%,"62,600",44%,56%
ID,2015,14.0%,"232,180",130%,SNAP,185%,Other Nutrition Program,48.2%,22.5%,29.4%,"$121,760,000",$2.92,17.6%,"76,070",67%,33%
IL,2015,11.7%,"1,506,060",165%,SNAP,185%,Other Nutrition Program,63.8%,5.6%,30.7%,"$735,098,000",$2.72,17.3%,"513,270",68%,32%
IN,2015,14.4%,"950,720",130%,SNAP,185%,Other Nutrition Program,53.8%,17.2%,29.1%,"$445,335,000",$2.61,19.1%,"301,990",72%,28%
IA,2015,12.0%,"376,240",160%,SNAP,185%,Other Nutrition Program,53.8%,7.9%,38.3%,"$179,954,000",$2.67,16.7%,"121,550",60%,40%
KS,2015,13.2%,"385,000",130%,SNAP,185%,Other Nutrition Program,48.4%,17.0%,34.6%,"$195,772,000",$2.84,19.2%,"138,480",65%,35%
KY,2015,15.8%,"699,590",130%,SNAP,185%,Other Nutrition Program,57.6%,15.1%,27.3%,"$334,999,000",$2.67,20.0%,"202,050",74%,26%
LA,2015,16.9%,"789,330",130%,SNAP,185%,Other Nutrition Program,57.5%,15.1%,27.4%,"$397,791,000",$2.81,23.4%,"261,230",72%,28%
ME,2015,14.8%,"196,210",185%,"SNAP, Other Nutrition Programs",185%,"SNAP, Other Nutrition Programs",63.0%,0.0%,37.0%,"$116,402,000",$3.31,21.4%,"54,830",64%,36%
MD,2015,11.4%,"682,280",200%,"SNAP, Other Nutrition Programs",200%,"SNAP, Other Nutrition Programs",62.0%,0.0%,38.0%,"$370,097,000",$3.03,16.3%,"220,010",59%,41%
MA,2015,10.3%,"701,630",200%,"SNAP, Other Nutrition Programs",200%,"SNAP, Other Nutrition Programs",66.9%,0.0%,33.2%,"$408,919,000",$3.25,13.5%,"187,290",68%,32%
MI,2015,15.1%,"1,493,790",200%,"SNAP, Other Nutrition Programs",200%,"SNAP, Other Nutrition Programs",73.9%,0.0%,26.1%,"$739,172,000",$2.76,18.0%,"397,070",70%,30%
MN,2015,9.9%,"540,820",165%,SNAP,185%,Other Nutrition Program,60.2%,6.1%,33.7%,"$282,661,000",$2.91,13.8%,"177,080",70%,30%
MS,2015,21.5%,"643,390",130%,SNAP,185%,Other Nutrition Program,57.5%,17.1%,25.4%,"$332,456,000",$2.88,26.3%,"191,750",75%,25%
MO,2015,15.6%,"947,900",130%,SNAP,185%,Other Nutrition Program,50.4%,18.7%,30.9%,"$464,284,000",$2.73,18.6%,"258,610",66%,34%
MT,2015,13.0%,"133,810",200%,"SNAP, Other Nutrition Programs",200%,"SNAP, Other Nutrition Programs",66.6%,0.0%,33.4%,"$68,716,000",$2.86,18.8%,"42,480",60%,40%
NE,2015,12.3%,"233,350",130%,SNAP,185%,Other Nutrition Program,44.8%,15.9%,39.4%,"$115,937,000",$2.77,18.3%,"85,970",61%,39%
NV,2015,13.7%,"394,910",200%,"SNAP, Other Nutrition Programs",200%,"SNAP, Other Nutrition Programs",74.9%,0.0%,25.1%,"$210,694,000",$2.98,22.4%,"149,460",66%,34%
NH,2015,9.7%,"128,910",185%,"SNAP, Other Nutrition Programs",185%,"SNAP, Other Nutrition Programs",50.1%,0.0%,49.9%,"$73,100,000",$3.16,12.9%,"33,940",51%,49%
NJ,2015,10.8%,"971,920",185%,"SNAP, Other Nutrition Programs",185%,"SNAP, Other Nutrition Programs",68.8%,0.0%,31.2%,"$530,406,000",$3.04,14.9%,"298,010",68%,32%
NM,2015,16.0%,"332,610",165%,SNAP,185%,Other Nutrition Program,70.9%,6.1%,22.9%,"$166,502,000",$2.79,25.0%,"124,980",73%,27%
NY,2015,12.6%,"2,502,250",200%,"SNAP, Other Nutrition Programs",200%,"SNAP, Other Nutrition Programs",74.3%,0.0%,25.7%,"$1,371,215,000",$3.06,19.4%,"819,460",67%,33%
NC,2015,16.5%,"1,659,050",200%,"SNAP, Other Nutrition Programs",200%,"SNAP, Other Nutrition Programs",74.7%,0.0%,25.3%,"$844,234,000",$2.84,22.6%,"516,120",73%,27%
ND,2015,7.7%,"58,030",200%,"SNAP, Other Nutrition Programs",200%,"SNAP, Other Nutrition Programs",60.1%,0.0%,39.9%,"$30,625,000",$2.94,9.4%,"16,130",54%,46%
OH,2015,16.0%,"1,852,870",130%,SNAP,185%,Other Nutrition Program,52.2%,15.5%,32.2%,"$903,221,000",$2.72,21.9%,"575,020",67%,33%
OK,2015,16.2%,"632,030",130%,SNAP,185%,Other Nutrition Program,51.1%,17.6%,31.4%,"$320,046,000",$2.82,22.6%,"216,980",66%,34%
OR,2015,14.2%,"572,790",185%,"SNAP, Other Nutrition Programs",185%,"SNAP, Other Nutrition Programs",74.4%,0.0%,25.6%,"$298,910,000",$2.91,22.5%,"194,070",65%,35%
PA,2015,13.1%,"1,674,420",160%,SNAP,185%,Other Nutrition Program,57.1%,7.9%,35.0%,"$880,598,000",$2.93,17.9%,"482,130",67%,33%
RI,2015,12.5%,"132,090",185%,"SNAP, Other Nutrition Programs",185%,"SNAP, Other Nutrition Programs",68.3%,0.0%,31.7%,"$71,928,000",$3.04,18.1%,"38,430",71%,29%
SC,2015,15.3%,"746,810",130%,SNAP,185%,Other Nutrition Program,55.2%,18.9%,25.9%,"$378,951,000",$2.83,20.7%,"225,550",69%,31%
SD,2015,12.1%,"104,140",130%,SNAP,185%,Other Nutrition Program,48.5%,14.9%,36.6%,"$54,897,000",$2.94,18.0%,"37,670",64%,36%
TN,2015,15.4%,"1,016,420",130%,SNAP,185%,Other Nutrition Program,55.8%,19.0%,25.1%,"$535,957,000",$2.94,21.1%,"315,370",73%,27%
TX,2015,15.7%,"4,320,050",165%,SNAP,185%,Other Nutrition Program,63.3%,5.6%,31.0%,"$2,007,143,000",$2.59,23.8%,"1,713,430",66%,34%
UT,2015,13.1%,"391,610",130%,SNAP,185%,Other Nutrition Program,44.0%,18.8%,37.2%,"$195,913,000",$2.79,16.4%,"149,790",57%,43%
VT,2015,11.9%,"74,600",185%,"SNAP, Other Nutrition Programs",185%,"SNAP, Other Nutrition Programs",64.9%,0.0%,35.1%,"$45,311,000",$3.39,15.7%,"18,820",62%,38%
VA,2015,11.2%,"935,480",130%,SNAP,185%,Other Nutrition Program,48.8%,18.5%,32.8%,"$508,587,000",$3.03,14.4%,"268,670",64%,36%
WA,2015,12.8%,"915,550",200%,"SNAP, Other Nutrition Programs",200%,"SNAP, Other Nutrition Programs",69.4%,0.0%,30.6%,"$489,610,000",$2.98,19.0%,"306,560",64%,36%
WV,2015,14.9%,"275,280",130%,SNAP,185%,Other Nutrition Program,52.7%,17.0%,30.2%,"$132,485,000",$2.68,20.8%,"79,050",68%,32%
WI,2015,11.0%,"633,170",200%,"SNAP, Other Nutrition Programs",200%,"SNAP, Other Nutrition Programs",70.1%,0.0%,29.9%,"$307,507,000",$2.71,17.0%,"219,280",65%,35%
WY,2015,12.3%,"72,260",130%,SNAP,185%,Other Nutrition Program,41.9%,17.1%,41.0%,"$38,980,000",$3.01,16.9%,"23,550",56%,44%
AL,2016,16.5%,"800,620",130%,SNAP,185%,Other Nutrition Program,52.8%,16.3%,30.9%,"$406,639,000",$2.97,22.5%,"247,140",71%,29%
AK,2016,13.4%,"99,650",130%,SNAP,185%,Other Nutrition Program,42.6%,15.1%,42.3%,"$58,525,000",$3.44,18.6%,"34,800",58%,42%
AZ,2016,14.9%,"1,033,590",185%,"SNAP, Other Nutrition Programs",185%,"SNAP, Other Nutrition Programs",66.8%,0.0%,33.2%,"$506,275,000",$2.87,22.7%,"370,960",68%,32%
AR,2016,17.2%,"515,270",130%,SNAP,185%,Other Nutrition Program,54.0%,15.9%,30.0%,"$246,776,000",$2.80,23.2%,"163,800",72%,28%
CA,2016,11.7%,"4,574,710",200%,"SNAP, Other Nutrition Programs",200%,"SNAP, Other Nutrition Programs",76.9%,0.0%,23.1%,"$2,473,458,000",$3.16,19.0%,"1,731,270",67%,33%
CO,2016,11.3%,"627,480",130%,SNAP,185%,Other Nutrition Program,47.2%,14.6%,38.3%,"$342,520,000",$3.19,15.1%,"190,780",61%,39%
CT,2016,11.6%,"414,730",185%,"SNAP, Other Nutrition Programs",185%,"SNAP, Other Nutrition Programs",56.7%,0.0%,43.3%,"$226,249,000",$3.19,15.6%,"117,380",63%,37%
DE,2016,12.0%,"114,370",200%,"SNAP, Other Nutrition Programs",200%,"SNAP, Other Nutrition Programs",64.3%,0.0%,35.7%,"$60,902,000",$3.12,16.8%,"34,240",64%,36%
DC,2016,12.4%,"84,380",200%,"SNAP, Other Nutrition Programs",200%,"SNAP, Other Nutrition Programs",72.2%,0.0%,27.8%,"$52,881,000",$3.67,22.2%,"26,800",69%,31%
FL,2016,13.9%,"2,871,650",200%,"SNAP, Other Nutrition Programs",200%,"SNAP, Other Nutrition Programs",72.3%,0.0%,27.7%,"$1,557,049,000",$3.17,20.7%,"857,150",69%,31%
GA,2016,15.1%,"1,561,360",130%,SNAP,185%,Other Nutrition Program,53.3%,15.2%,31.5%,"$781,043,000",$2.93,20.9%,"523,470",69%,31%
HI,2016,11.8%,"168,030",200%,"SNAP, Other Nutrition Programs",200%,"SNAP, Other Nutrition Programs",55.5%,0.0%,44.5%,"$93,916,000",$3.27,17.8%,"54,650",46%,54%
ID,2016,13.2%,"221,800",130%,SNAP,185%,Other Nutrition Program,49.0%,17.1%,33.9%,"$111,122,000",$2.93,16.7%,"72,840",68%,32%
IL,2016,11.0%,"1,413,420",165%,SNAP,185%,Other Nutrition Program,64.5%,5.7%,29.8%,"$669,207,000",$2.77,15.7%,"459,330",68%,32%
IN,2016,13.7%,"910,870",130%,SNAP,185%,Other Nutrition Program,54.0%,14.8%,31.3%,"$408,203,000",$2.62,17.7%,"279,840",71%,29%
IA,2016,11.5%,"360,540",160%,SNAP,185%,Other Nutrition Program,52.7%,4.4%,42.9%,"$167,753,000",$2.72,15.9%,"115,890",57%,43%
KS,2016,12.9%,"375,360",130%,SNAP,185%,Other Nutrition Program,47.4%,15.9%,36.6%,"$185,071,000",$2.89,18.3%,"131,130",66%,34%
KY,2016,15.5%,"685,830",130%,SNAP,185%,Other Nutrition Program,58.5%,11.2%,30.3%,"$316,518,000",$2.70,19.2%,"194,440",74%,26%
LA,2016,16.7%,"783,400",130%,SNAP,185%,Other Nutrition Program,59.3%,10.6%,30.1%,"$387,408,000",$2.89,23.1%,"258,630",69%,31%
ME,2016,13.8%,"183,310",185%,"SNAP, Other Nutrition Programs",185%,"SNAP, Other Nutrition Programs",60.0%,0.0%,40.0%,"$108,086,000",$3.45,19.8%,"50,520",64%,36%
MD,2016,11.1%,"665,420",200%,"SNAP, Other Nutrition Programs",200%,"SNAP, Other Nutrition Programs",61.4%,0.0%,38.6%,"$352,619,000",$3.10,15.3%,"205,890",58%,42%
MA,2016,9.6%,"652,760",200%,"SNAP, Other Nutrition Programs",200%,"SNAP, Other Nutrition Programs",65.3%,0.0%,34.7%,"$376,759,000",$3.38,12.1%,"167,450",65%,35%
MI,2016,14.2%,"1,414,700",200%,"SNAP, Other Nutrition Programs",200%,"SNAP, Other Nutrition Programs",73.0%,0.0%,27.0%,"$678,813,000",$2.81,16.3%,"356,930",69%,31%
MN,2016,9.2%,"508,630",165%,SNAP,185%,Other Nutrition Program,60.9%,1.8%,37.3%,"$258,531,000",$2.97,12.7%,"163,070",70%,30%
MS,2016,20.1%,"600,840",130%,SNAP,185%,Other Nutrition Program,56.4%,13.6%,30.0%,"$304,654,000",$2.97,24.4%,"176,580",71%,29%
MO,2016,14.7%,"896,570",130%,SNAP,185%,Other Nutrition Program,50.1%,16.0%,34.0%,"$429,074,000",$2.80,17.4%,"241,830",66%,34%
MT,2016,12.3%,"128,740",200%,"SNAP, Other Nutrition Programs",200%,"SNAP, Other Nutrition Programs",68.3%,0.0%,31.7%,"$64,053,000",$2.91,17.0%,"38,810",63%,37%
NE,2016,11.9%,"227,350",130%,SNAP,185%,Other Nutrition Program,43.6%,12.2%,44.2%,"$109,894,000",$2.83,17.3%,"82,070",60%,40%
NV,2016,12.7%,"372,820",200%,"SNAP, Other Nutrition Programs",200%,"SNAP, Other Nutrition Programs",76.0%,0.0%,24.0%,"$191,725,000",$3.01,20.5%,"138,880",63%,37%
NH,2016,9.0%,"119,770",185%,"SNAP, Other Nutrition Programs",185%,"SNAP, Other Nutrition Programs",49.2%,0.0%,50.8%,"$66,449,000",$3.25,11.4%,"29,740",53%,47%
NJ,2016,10.3%,"919,030",185%,"SNAP, Other Nutrition Programs",185%,"SNAP, Other Nutrition Programs",67.4%,0.0%,32.6%,"$495,839,000",$3.16,13.5%,"268,080",70%,30%
NM,2016,15.8%,"327,930",165%,SNAP,185%,Other Nutrition Program,72.8%,2.1%,25.1%,"$160,282,000",$2.86,25.6%,"125,210",74%,26%
NY,2016,11.9%,"2,352,940",200%,"SNAP, Other Nutrition Programs",200%,"SNAP, Other Nutrition Programs",74.1%,0.0%,25.9%,"$1,242,696,000",$3.09,17.9%,"750,000",67%,33%
NC,2016,15.4%,"1,565,910",200%,"SNAP, Other Nutrition Programs",200%,"SNAP, Other Nutrition Programs",71.8%,0.0%,28.2%,"$770,900,000",$2.88,20.9%,"479,220",71%,29%
ND,2016,7.4%,"55,710",200%,"SNAP, Other Nutrition Programs",200%,"SNAP, Other Nutrition Programs",63.4%,0.0%,36.6%,"$29,141,000",$3.06,9.4%,"16,440",58%,42%
OH,2016,15.1%,"1,758,310",130%,SNAP,185%,Other Nutrition Program,52.7%,11.8%,35.5%,"$829,430,000",$2.76,20.3%,"528,960",66%,34%
OK,2016,16.2%,"635,740",130%,SNAP,185%,Other Nutrition Program,51.7%,15.0%,33.3%,"$313,377,000",$2.88,22.7%,"218,770",66%,34%
OR,2016,12.9%,"527,370",185%,"SNAP, Other Nutrition Programs",185%,"SNAP, Other Nutrition Programs",70.4%,0.0%,29.6%,"$264,279,000",$2.93,20.0%,"173,780",63%,37%
PA,2016,12.5%,"1,599,520",160%,SNAP,185%,Other Nutrition Program,58.5%,4.2%,37.3%,"$821,658,000",$3.01,16.9%,"452,690",66%,34%
RI,2016,12.1%,"128,330",185%,"SNAP, Other Nutrition Programs",185%,"SNAP, Other Nutrition Programs",65.5%,0.0%,34.5%,"$68,489,000",$3.12,17.4%,"36,230",74%,26%
SC,2016,13.9%,"687,880",130%,SNAP,185%,Other Nutrition Program,54.5%,15.7%,29.8%,"$335,759,000",$2.86,18.9%,"207,840",67%,33%
SD,2016,11.7%,"100,990",130%,SNAP,185%,Other Nutrition Program,47.3%,12.7%,40.0%,"$51,929,000",$3.01,16.5%,"35,360",63%,37%
TN,2016,14.5%,"967,430",130%,SNAP,185%,Other Nutrition Program,55.4%,16.3%,28.3%,"$496,487,000",$3.00,19.7%,"295,570",71%,29%
TX,2016,15.4%,"4,277,540",165%,SNAP,185%,Other Nutrition Program,63.8%,3.2%,33.0%,"$1,953,920,000",$2.67,23.0%,"1,676,740",66%,34%
UT,2016,12.5%,"382,490",130%,SNAP,185%,Other Nutrition Program,44.2%,13.5%,42.3%,"$184,235,000",$2.82,15.4%,"142,320",53%,47%
VT,2016,12.1%,"75,360",185%,"SNAP, Other Nutrition Programs",185%,"SNAP, Other Nutrition Programs",58.6%,0.0%,41.4%,"$43,688,000",$3.39,15.7%,"18,620",58%,42%
VA,2016,10.6%,"893,720",130%,SNAP,185%,Other Nutrition Program,49.1%,13.7%,37.2%,"$468,094,000",$3.07,13.3%,"249,170",64%,36%
WA,2016,12.0%,"872,720",200%,"SNAP, Other Nutrition Programs",200%,"SNAP, Other Nutrition Programs",67.0%,0.0%,33.0%,"$448,899,000",$3.01,17.5%,"284,480",61%,39%
WV,2016,14.6%,"267,280",130%,SNAP,185%,Other Nutrition Program,54.3%,12.9%,32.7%,"$126,636,000",$2.77,20.2%,"75,970",72%,28%
WI,2016,10.5%,"609,360",200%,"SNAP, Other Nutrition Programs",200%,"SNAP, Other Nutrition Programs",69.3%,0.0%,30.7%,"$290,129,000",$2.79,16.0%,"205,660",64%,36%
WY,2016,12.6%,"73,830",130%,SNAP,185%,Other Nutrition Program,41.5%,16.0%,42.5%,"$38,653,000",$3.06,16.7%,"23,500",56%,44%
AL,2017,16.3%,"795,760",130%,SNAP,185%,Other Nutrition Program,51.9%,16.1%,32.0%,"$404,180,000",$2.98,22.3%,"243,880",72%,28%
AK,2017,13.6%,"100,310",130%,SNAP,185%,Other Nutrition Program,44.5%,15.2%,40.4%,"$57,721,000",$3.37,18.7%,"34,690",59%,41%
AZ,2017,14.0%,"979,170",185%,"SNAP, Other Nutrition Programs",185%,"SNAP, Other Nutrition Programs",64.8%,0.0%,35.2%,"$482,358,000",$2.89,21.3%,"348,550",67%,33%
AR,2017,17.3%,"518,960",130%,SNAP,185%,Other Nutrition Program,50.6%,17.2%,32.2%,"$246,939,000",$2.79,23.6%,"167,440",70%,30%
CA,2017,11.0%,"4,354,400",200%,"SNAP, Other Nutrition Programs",200%,"SNAP, Other Nutrition Programs",75.3%,0.0%,24.7%,"$2,381,146,000",$3.20,18.1%,"1,638,430",63%,37%
CO,2017,10.6%,"596,150",200%,"SNAP, Other Nutrition Programs",200%,"SNAP, Other Nutrition Programs",65.2%,0.0%,34.8%,"$329,732,000",$3.24,14.0%,"177,360",59%,41%
CT,2017,11.3%,"406,810",185%,"SNAP, Other Nutrition Programs",185%,"SNAP, Other Nutrition Programs",56.2%,0.0%,43.8%,"$227,321,000",$3.27,15.5%,"115,240",63%,37%
DE,2017,12.2%,"117,320",200%,"SNAP, Other Nutrition Programs",200%,"SNAP, Other Nutrition Programs",66.0%,0.0%,34.0%,"$62,450,000",$3.12,17.0%,"34,750",69%,31%
DC,2017,11.0%,"76,550",200%,"SNAP, Other Nutrition Programs",200%,"SNAP, Other Nutrition Programs",72.2%,0.0%,27.8%,"$51,543,000",$3.95,21.2%,"26,450",71%,29%
FL,2017,13.4%,"2,806,770",200%,"SNAP, Other Nutrition Programs",200%,"SNAP, Other Nutrition Programs",72.3%,0.0%,27.7%,"$1,540,091,000",$3.22,20.4%,"854,880",68%,32%
GA,2017,14.4%,"1,501,680",130%,SNAP,185%,Other Nutrition Program,51.0%,16.1%,32.9%,"$749,671,000",$2.93,20.0%,"503,370",68%,32%
HI,2017,11.3%,"161,270",200%,"SNAP, Other Nutrition Programs",200%,"SNAP, Other Nutrition Programs",51.8%,0.0%,48.2%,"$90,737,000",$3.30,17.5%,"53,540",43%,57%
ID,2017,12.3%,"210,420",130%,SNAP,185%,Other Nutrition Program,45.7%,18.1%,36.2%,"$105,626,000",$2.94,15.8%,"69,920",65%,35%
IL,2017,10.9%,"1,395,970",165%,SNAP,185%,Other Nutrition Program,62.6%,2.5%,34.9%,"$668,124,000",$2.80,15.7%,"453,260",66%,34%
IN,2017,13.3%,"887,070",130%,SNAP,185%,Other Nutrition Program,51.7%,14.1%,34.1%,"$396,443,000",$2.62,17.4%,"273,380",67%,33%
IA,2017,10.9%,"341,890",160%,SNAP,185%,Other Nutrition Program,52.4%,4.9%,42.7%,"$157,367,000",$2.70,15.3%,"111,520",58%,42%
KS,2017,12.7%,"370,860",130%,SNAP,185%,Other Nutrition Program,44.7%,15.4%,39.9%,"$181,199,000",$2.86,18.3%,"130,210",63%,37%
KY,2017,14.9%,"662,360",130%,SNAP,185%,Other Nutrition Program,56.0%,10.8%,33.2%,"$300,483,000",$2.66,18.4%,"186,660",70%,30%
LA,2017,16.5%,"773,850",130%,SNAP,185%,Other Nutrition Program,59.1%,11.6%,29.3%,"$396,905,000",$3.01,23.0%,"255,640",71%,29%
ME,2017,12.9%,"172,650",185%,"SNAP, Other Nutrition Programs",185%,"SNAP, Other Nutrition Programs",56.8%,0.0%,43.2%,"$103,223,000",$3.50,18.5%,"47,020",56%,44%
MD,2017,10.7%,"650,200",200%,"SNAP, Other Nutrition Programs",200%,"SNAP, Other Nutrition Programs",62.8%,0.0%,37.2%,"$347,927,000",$3.14,15.2%,"204,660",61%,39%
MA,2017,9.0%,"616,090",200%,"SNAP, Other Nutrition Programs",200%,"SNAP, Other Nutrition Programs",66.8%,0.0%,33.2%,"$373,245,000",$3.55,11.7%,"159,950",65%,35%
MI,2017,13.7%,"1,369,250",200%,"SNAP, Other Nutrition Programs",200%,"SNAP, Other Nutrition Programs",71.6%,0.0%,28.4%,"$652,838,000",$2.79,15.9%,"345,130",68%,32%
MN,2017,9.1%,"504,760",165%,SNAP,185%,Other Nutrition Program,57.3%,2.8%,39.9%,"$258,233,000",$3.00,12.6%,"163,310",67%,33%
MS,2017,19.2%,"573,610",130%,SNAP,185%,Other Nutrition Program,54.4%,14.1%,31.5%,"$286,997,000",$2.93,22.9%,"163,530",71%,29%
MO,2017,14.2%,"865,400",130%,SNAP,185%,Other Nutrition Program,48.7%,14.8%,36.4%,"$409,933,000",$2.78,17.5%,"243,110",65%,35%
MT,2017,11.1%,"116,120",200%,"SNAP, Other Nutrition Programs",200%,"SNAP, Other Nutrition Programs",66.3%,0.0%,33.7%,"$58,669,000",$2.96,16.1%,"36,910",57%,43%
NE,2017,11.6%,"223,170",130%,SNAP,185%,Other Nutrition Program,42.3%,14.3%,43.4%,"$107,760,000",$2.83,17.4%,"82,370",63%,37%
NV,2017,12.2%,"365,160",200%,"SNAP, Other Nutrition Programs",200%,"SNAP, Other Nutrition Programs",72.2%,0.0%,27.8%,"$190,010,000",$3.05,20.0%,"136,800",60%,40%
NH,2017,9.1%,"122,860",185%,"SNAP, Other Nutrition Programs",185%,"SNAP, Other Nutrition Programs",48.0%,0.0%,52.0%,"$69,502,000",$3.31,12.3%,"31,640",53%,47%
NJ,2017,9.6%,"865,900",185%,"SNAP, Other Nutrition Programs",185%,"SNAP, Other Nutrition Programs",65.4%,0.0%,34.6%,"$478,385,000",$3.24,13.2%,"260,340",67%,33%
NM,2017,15.5%,"324,000",165%,SNAP,185%,Other Nutrition Program,69.5%,3.4%,27.0%,"$158,536,000",$2.87,24.1%,"118,030",73%,27%
NY,2017,11.4%,"2,261,250",200%,"SNAP, Other Nutrition Programs",200%,"SNAP, Other Nutrition Programs",74.7%,0.0%,25.3%,"$1,210,704,000",$3.14,17.6%,"732,300",66%,34%
NC,2017,14.6%,"1,503,050",200%,"SNAP, Other Nutrition Programs",200%,"SNAP, Other Nutrition Programs",69.7%,0.0%,30.3%,"$735,321,000",$2.87,20.1%,"461,630",67%,33%
ND,2017,7.3%,"54,930",200%,"SNAP, Other Nutrition Programs",200%,"SNAP, Other Nutrition Programs",61.8%,0.0%,38.2%,"$28,813,000",$3.07,9.8%,"16,900",55%,45%
OH,2017,14.5%,"1,691,910",130%,SNAP,185%,Other Nutrition Program,50.5%,12.7%,36.8%,"$797,169,000",$2.76,19.6%,"510,030",66%,34%
OK,2017,15.8%,"621,370",130%,SNAP,185%,Other Nutrition Program,49.0%,16.4%,34.6%,"$304,698,000",$2.87,22.2%,"213,720",64%,36%
OR,2017,12.3%,"510,080",185%,"SNAP, Other Nutrition Programs",185%,"SNAP, Other Nutrition Programs",68.0%,0.0%,32.0%,"$258,439,000",$2.97,18.9%,"165,290",63%,37%
PA,2017,12.0%,"1,534,710",160%,SNAP,185%,Other Nutrition Program,56.9%,3.3%,39.8%,"$797,438,000",$3.04,16.4%,"437,340",63%,37%
RI,2017,11.4%,"120,590",185%,"SNAP, Other Nutrition Programs",185%,"SNAP, Other Nutrition Programs",61.5%,0.0%,38.5%,"$66,402,000",$3.23,17.3%,"35,760",63%,37%
SC,2017,13.5%,"679,990",130%,SNAP,185%,Other Nutrition Program,54.8%,15.2%,30.0%,"$324,978,000",$2.80,18.3%,"202,110",68%,32%
SD,2017,11.4%,"99,190",130%,SNAP,185%,Other Nutrition Program,45.5%,11.9%,42.6%,"$51,050,000",$3.02,16.4%,"34,970",58%,42%
TN,2017,13.9%,"934,310",130%,SNAP,185%,Other Nutrition Program,53.7%,15.0%,31.2%,"$472,085,000",$2.96,18.9%,"285,770",69%,31%
TX,2017,14.9%,"4,217,470",165%,SNAP,185%,Other Nutrition Program,61.2%,3.4%,35.4%,"$1,949,246,000",$2.71,22.5%,"1,658,680",63%,37%
UT,2017,12.1%,"373,850",130%,SNAP,185%,Other Nutrition Program,40.0%,14.3%,45.8%,"$179,279,000",$2.81,14.7%,"135,940",51%,49%
VT,2017,11.9%,"74,520",185%,"SNAP, Other Nutrition Programs",185%,"SNAP, Other Nutrition Programs",59.6%,0.0%,40.4%,"$42,994,000",$3.38,15.9%,"18,760",61%,39%
VA,2017,10.2%,"863,390",130%,SNAP,185%,Other Nutrition Program,48.4%,13.5%,38.1%,"$446,691,000",$3.03,13.2%,"247,470",62%,38%
WA,2017,11.5%,"848,990",200%,"SNAP, Other Nutrition Programs",200%,"SNAP, Other Nutrition Programs",64.9%,0.0%,35.1%,"$440,879,000",$3.04,17.3%,"284,760",57%,43%
WV,2017,14.8%,"268,070",200%,"SNAP, Other Nutrition Programs",200%,"SNAP, Other Nutrition Programs",68.7%,0.0%,31.3%,"$123,886,000",$2.71,20.6%,"76,970",65%,35%
WI,2017,10.0%,"578,480",200%,"SNAP, Other Nutrition Programs",200%,"SNAP, Other Nutrition Programs",69.0%,0.0%,31.0%,"$273,911,000",$2.77,15.4%,"197,290",62%,38%
WY,2017,12.3%,"71,060",130%,SNAP,185%,Other Nutrition Program,39.8%,14.4%,45.8%,"$36,970,000",$3.05,17.4%,"23,960",54%,46%
AL,2018,17.0%,"829,220",130%,SNAP,185%,Other Nutrition Program,50.9%,16.0%,33.1%,"$423,745,000",$3.02,23.1%,"251,800",76%,24%
AK,2018,12.9%,"95,190",130%,SNAP,185%,Other Nutrition Program,46.7%,15.4%,37.9%,"$57,930,000",$3.60,18.1%,"33,200",65%,35%
AZ,2018,13.1%,"937,300",185%,"SNAP, Other Nutrition Programs",185%,"SNAP, Other Nutrition Programs",67.6%,0.0%,32.4%,"$465,259,000",$2.93,19.0%,"311,390",69%,31%
AR,2018,17.3%,"521,490",130%,SNAP,185%,Other Nutrition Program,53.1%,15.1%,31.8%,"$244,364,000",$2.77,23.1%,"162,270",75%,25%
CA,2018,10.8%,"4,291,830",200%,"SNAP, Other Nutrition Programs",200%,"SNAP, Other Nutrition Programs",76.0%,0.0%,24.0%,"$2,385,968,000",$3.28,15.2%,"1,362,340",71%,29%
CO,2018,9.9%,"566,490",200%,"SNAP, Other Nutrition Programs",200%,"SNAP, Other Nutrition Programs",66.0%,0.0%,34.0%,"$315,489,000",$3.29,12.2%,"155,120",70%,30%
CT,2018,11.9%,"426,620",185%,"SNAP, Other Nutrition Programs",185%,"SNAP, Other Nutrition Programs",56.7%,0.0%,43.3%,"$244,114,000",$3.38,16.0%,"117,660",64%,36%
DE,2018,12.6%,"121,850",200%,"SNAP, Other Nutrition Programs",200%,"SNAP, Other Nutrition Programs",63.7%,0.0%,36.3%,"$65,663,000",$3.18,19.0%,"38,680",69%,31%
DC,2018,11.6%,"81,400",200%,"SNAP, Other Nutrition Programs",200%,"SNAP, Other Nutrition Programs",70.3%,0.0%,29.7%,"$56,189,000",$4.08,19.1%,"24,280",74%,26%
FL,2018,13.0%,"2,768,480",200%,"SNAP, Other Nutrition Programs",200%,"SNAP, Other Nutrition Programs",72.2%,0.0%,27.8%,"$1,540,830,000",$3.29,19.4%,"819,370",65%,35%
GA,2018,12.5%,"1,318,500",130%,SNAP,185%,Other Nutrition Program,47.8%,15.9%,36.3%,"$667,166,000",$2.99,16.2%,"405,380",68%,32%
HI,2018,11.2%,"159,040",200%,"SNAP, Other Nutrition Programs",200%,"SNAP, Other Nutrition Programs",52.7%,0.0%,47.3%,"$91,220,000",$3.39,18.4%,"55,710",49%,51%
ID,2018,10.8%,"189,970",130%,SNAP,185%,Other Nutrition Program,48.5%,19.4%,32.1%,"$97,790,000",$3.04,12.6%,"56,120",73%,27%
IL,2018,10.1%,"1,283,550",165%,SNAP,185%,Other Nutrition Program,60.7%,12.0%,27.2%,"$630,473,000",$2.90,12.7%,"363,900",70%,30%
IN,2018,13.2%,"883,260",130%,SNAP,185%,Other Nutrition Program,51.6%,16.4%,32.0%,"$400,962,000",$2.68,17.5%,"274,080",72%,28%
IA,2018,9.7%,"305,100",160%,SNAP,185%,Other Nutrition Program,53.4%,4.9%,41.6%,"$144,058,000",$2.79,13.9%,"102,190",63%,37%
KS,2018,12.7%,"368,770",130%,SNAP,185%,Other Nutrition Program,42.9%,16.7%,40.3%,"$181,639,000",$2.91,18.4%,"129,780",63%,37%
KY,2018,14.8%,"662,660",130%,SNAP,185%,Other Nutrition Program,54.3%,13.2%,32.5%,"$300,629,000",$2.68,18.9%,"190,600",70%,30%
LA,2018,16.1%,"751,920",130%,SNAP,185%,Other Nutrition Program,57.8%,11.4%,30.8%,"$387,680,000",$3.05,24.6%,"269,650",73%,27%
ME,2018,12.9%,"173,080",185%,"SNAP, Other Nutrition Programs",185%,"SNAP, Other Nutrition Programs",61.2%,0.0%,38.8%,"$105,835,000",$3.61,19.1%,"47,460",63%,37%
MD,2018,11.0%,"667,110",200%,"SNAP, Other Nutrition Programs",200%,"SNAP, Other Nutrition Programs",62.1%,0.0%,37.9%,"$361,501,000",$3.20,16.1%,"216,070",60%,40%
MA,2018,8.9%,"617,380",200%,"SNAP, Other Nutrition Programs",200%,"SNAP, Other Nutrition Programs",67.8%,0.0%,32.2%,"$379,733,000",$3.63,10.1%,"138,760",73%,27%
MI,2018,13.6%,"1,359,650",200%,"SNAP, Other Nutrition Programs",200%,"SNAP, Other Nutrition Programs",68.6%,0.0%,31.4%,"$653,547,000",$2.84,14.7%,"318,960",70%,30%
MN,2018,8.2%,"461,200",165%,SNAP,185%,Other Nutrition Program,59.4%,9.2%,31.3%,"$240,696,000",$3.08,12.4%,"161,880",74%,26%
MS,2018,18.7%,"559,350",130%,SNAP,185%,Other Nutrition Program,53.0%,11.9%,35.0%,"$274,731,000",$2.90,23.0%,"162,150",73%,27%
MO,2018,13.3%,"813,840",130%,SNAP,185%,Other Nutrition Program,47.5%,12.9%,39.6%,"$395,122,000",$2.87,15.2%,"209,870",67%,33%
MT,2018,10.3%,"109,150",200%,"SNAP, Other Nutrition Programs",200%,"SNAP, Other Nutrition Programs",68.5%,0.0%,31.5%,"$55,846,000",$3.02,15.9%,"36,560",68%,32%
NE,2018,12.3%,"237,440",130%,SNAP,185%,Other Nutrition Program,43.8%,14.3%,41.8%,"$114,880,000",$2.86,16.7%,"79,310",64%,36%
NV,2018,12.8%,"388,420",200%,"SNAP, Other Nutrition Programs",200%,"SNAP, Other Nutrition Programs",72.0%,0.0%,28.0%,"$207,140,000",$3.15,19.5%,"134,350",65%,35%
NH,2018,9.3%,"125,590",185%,"SNAP, Other Nutrition Programs",185%,"SNAP, Other Nutrition Programs",49.1%,0.0%,50.9%,"$72,230,000",$3.40,13.3%,"34,280",57%,43%
NJ,2018,8.7%,"774,860",185%,"SNAP, Other Nutrition Programs",185%,"SNAP, Other Nutrition Programs",66.9%,0.0%,33.1%,"$437,705,000",$3.34,11.3%,"219,760",73%,27%
NM,2018,15.1%,"315,990",165%,SNAP,185%,Other Nutrition Program,71.4%,4.0%,24.5%,"$155,654,000",$2.91,23.8%,"114,180",72%,28%
NY,2018,11.1%,"2,166,060",200%,"SNAP, Other Nutrition Programs",200%,"SNAP, Other Nutrition Programs",74.7%,0.0%,25.3%,"$1,182,494,000",$3.23,16.9%,"685,500",75%,25%
NC,2018,14.0%,"1,456,200",200%,"SNAP, Other Nutrition Programs",200%,"SNAP, Other Nutrition Programs",71.6%,0.0%,28.4%,"$719,879,000",$2.92,19.3%,"443,040",75%,25%
ND,2018,6.8%,"51,610",200%,"SNAP, Other Nutrition Programs",200%,"SNAP, Other Nutrition Programs",65.7%,0.0%,34.3%,"$27,186,000",$3.11,9.6%,"16,700",64%,36%
OH,2018,13.9%,"1,624,180",130%,SNAP,185%,Other Nutrition Program,50.3%,12.2%,37.5%,"$767,710,000",$2.79,18.9%,"489,160",67%,33%
OK,2018,15.1%,"594,140",130%,SNAP,185%,Other Nutrition Program,46.8%,16.0%,37.2%,"$290,887,000",$2.89,21.8%,"208,110",66%,34%
OR,2018,11.9%,"498,730",185%,"SNAP, Other Nutrition Programs",185%,"SNAP, Other Nutrition Programs",65.2%,0.0%,34.8%,"$264,260,000",$3.13,16.0%,"139,220",70%,30%
PA,2018,10.9%,"1,401,920",160%,SNAP,185%,Other Nutrition Program,58.0%,10.3%,31.7%,"$737,258,000",$3.11,15.1%,"399,270",68%,32%
RI,2018,11.4%,"120,970",185%,"SNAP, Other Nutrition Programs",185%,"SNAP, Other Nutrition Programs",62.4%,0.0%,37.6%,"$69,276,000",$3.38,17.8%,"36,270",73%,27%
SC,2018,11.8%,"600,440",130%,SNAP,185%,Other Nutrition Program,54.2%,15.0%,30.8%,"$291,600,000",$2.87,16.2%,"178,710",68%,32%
SD,2018,10.8%,"95,080",130%,SNAP,185%,Other Nutrition Program,47.5%,14.3%,38.2%,"$48,379,000",$3.01,16.5%,"35,330",70%,30%
TN,2018,14.0%,"950,290",130%,SNAP,185%,Other Nutrition Program,53.7%,14.6%,31.8%,"$486,768,000",$3.03,17.7%,"267,110",73%,27%
TX,2018,15.0%,"4,295,240",165%,SNAP,185%,Other Nutrition Program,63.1%,6.1%,30.8%,"$1,920,819,000",$2.64,21.6%,"1,598,940",68%,32%
UT,2018,11.0%,"347,370",130%,SNAP,185%,Other Nutrition Program,38.3%,16.7%,45.0%,"$171,029,000",$2.91,12.1%,"113,190",57%,43%
VT,2018,11.3%,"70,580",185%,"SNAP, Other Nutrition Programs",185%,"SNAP, Other Nutrition Programs",54.6%,0.0%,45.4%,"$41,756,000",$3.50,15.2%,"17,550",56%,44%
VA,2018,9.9%,"842,870",130%,SNAP,185%,Other Nutrition Program,47.1%,13.0%,39.9%,"$442,908,000",$3.10,12.5%,"233,530",61%,39%
WA,2018,10.7%,"804,080",200%,"SNAP, Other Nutrition Programs",200%,"SNAP, Other Nutrition Programs",65.5%,0.0%,34.5%,"$438,026,000",$3.22,14.7%,"244,480",57%,43%
WV,2018,13.9%,"250,600",200%,"SNAP, Other Nutrition Programs",200%,"SNAP, Other Nutrition Programs",69.3%,0.0%,30.7%,"$114,692,000",$2.70,20.3%,"73,770",73%,27%
WI,2018,8.9%,"515,930",200%,"SNAP, Other Nutrition Programs",200%,"SNAP, Other Nutrition Programs",67.4%,0.0%,32.6%,"$248,085,000",$2.84,14.1%,"179,180",67%,33%
WY,2018,12.2%,"70,640",130%,SNAP,185%,Other Nutrition Program,41.7%,14.4%,43.8%,"$37,306,000",$3.12,15.9%,"21,160",59%,41%
