StateName,year,FoodInsecurityRate,NumberFoodInsecureIndividuals,Low Threshold in state,Low Threshold Type,High Threshold in state,High Threshold Type,% FI ? Low Threshold,% FI Btwn Thresholds,% FI > High Threshold,Weighted Annual Dollars,Cost Per Meal,Child Food Insecurity Rate (aggregate of counties),Number Food Insecure Children (aggregate of counties),% of children in FI HH with incomes at or below 185% FPL,% of children in FI HH with incomes above 185% FPL
AK,2009,0.14,90300.00,1.3,SNAP,1.85,other nutrition pgm,0.4,0.17,0.42,n/a,n/a,0.21,38090.00,0.55,0.45
AL,2009,0.18,826770.00,1.3,SNAP,1.85,other nutrition pgm,0.46,0.23,0.32,354008530,2.56,0.27,299390.00,0.67,0.33
AR,2009,0.18,506600.00,1.3,SNAP,1.85,other nutrition pgm,0.49,0.2,0.3,209177940,2.47,0.29,200290.00,0.68,0.32
AZ,2009,0.17,1100570.00,1.85,SNAP,1.85,SNAP,0.62,0,0.38,446958770,2.43,0.29,482340.00,0.65,0.35
CA,2009,0.17,6053470.00,1.3,SNAP,1.85,other nutrition pgm,0.48,0.19,0.33,2671625540,2.64,0.27,2580080.00,0.63,0.37
CO,2009,0.14,694760.00,1.3,SNAP,1.85,other nutrition pgm,0.42,0.16,0.42,297484150,2.56,0.23,271660.00,0.57,0.43
CT,2009,0.12,428090.00,1.85,SNAP,1.85,SNAP,0.48,0,0.52,199287270,2.79,0.19,155560.00,0.5,0.5
DC,2009,0.16,93180.00,2,SNAP,2,SNAP,0.63,0,0.37,53026060,3.41,0.32,36870.00,0.64,0.36
DE,2009,0.12,105810.00,2,SNAP,2,SNAP,0.55,0,0.45,46697960,2.64,0.2,40520.00,0.56,0.44
FL,2009,0.17,3115650.00,2,SNAP,2,SNAP,0.63,0,0.37,1364476980,2.62,0.28,1116260.00,0.61,0.39
GA,2009,0.18,1693710.00,1.3,SNAP,1.85,other nutrition pgm,0.45,0.19,0.36,705092200,2.49,0.28,702520.00,0.61,0.39
HI,2009,0.13,162420.00,2,SNAP,2,SNAP,0.53,0,0.47,n/a,n/a,0.21,60250.00,0.45,0.55
IA,2009,0.13,382510.00,1.6,SNAP,1.85,other nutrition pgm,0.5,0.07,0.43,151122920,2.36,0.21,146000.00,0.55,0.45
ID,2009,0.16,235970.00,1.3,SNAP,1.85,other nutrition pgm,0.43,0.19,0.37,105844830,2.68,0.23,95150.00,0.63,0.37
IL,2009,0.15,1873010.00,1.3,SNAP,1.85,other nutrition pgm,0.41,0.18,0.42,736018850,2.35,0.23,745310.00,0.61,0.39
IN,2009,0.16,1027600.00,1.3,SNAP,1.85,other nutrition pgm,0.45,0.15,0.4,389851730,2.27,0.25,388640.00,0.62,0.38
KS,2009,0.14,395870.00,1.3,SNAP,1.85,other nutrition pgm,0.44,0.16,0.4,164968840,2.49,0.23,158040.00,0.6,0.4
KY,2009,0.17,716040.00,1.3,SNAP,1.85,other nutrition pgm,0.55,0.16,0.3,285629450,2.39,0.24,243920.00,0.73,0.27
LA,2009,0.15,644540.00,1.3,SNAP,1.85,other nutrition pgm,0.49,0.19,0.32,265587090,2.47,0.22,246720.00,0.69,0.31
MA,2009,0.11,727530.00,2,SNAP,2,SNAP,0.55,0,0.45,346402980,2.85,0.18,262650.00,0.53,0.47
MD,2009,0.12,651370.00,2,SNAP,2,SNAP,0.53,0,0.47,293279010,2.69,0.18,242910.00,0.5,0.5
ME,2009,0.15,198790.00,1.85,SNAP,1.85,SNAP,0.57,0,0.43,91361000,2.75,0.25,68950.00,0.61,0.39
MI,2009,0.18,1828060.00,2,SNAP,2,SNAP,0.62,0,0.38,702840040,2.3,0.25,618910.00,0.61,0.39
MN,2009,0.11,583710.00,1.65,SNAP,1.85,other nutrition pgm,0.48,0.06,0.46,243246430,2.49,0.18,231100.00,0.57,0.43
MO,2009,0.17,990770.00,1.3,SNAP,1.85,other nutrition pgm,0.44,0.19,0.37,396901460,2.4,0.25,354520.00,0.64,0.36
MS,2009,0.2,582540.00,1.3,SNAP,1.85,other nutrition pgm,0.53,0.19,0.27,254130460,2.61,0.28,211340.00,0.72,0.28
MT,2009,0.14,132180.00,1.85,SNAP,1.85,SNAP,0.65,0,0.35,55924070,2.53,0.22,48000.00,0.61,0.39
NC,2009,0.18,1649070.00,2,SNAP,2,SNAP,0.65,0,0.35,687208350,2.49,0.27,603250.00,0.62,0.38
ND,2009,0.08,50200.00,2,SNAP,2,SNAP,0.66,0,0.34,20962190,2.5,0.13,18270.00,0.56,0.44
NE,2009,0.12,208930.00,1.3,SNAP,1.85,other nutrition pgm,0.41,0.16,0.43,84229120,2.41,0.21,92360.00,0.6,0.4
NH,2009,0.1,131400.00,1.85,SNAP,1.85,SNAP,0.45,0,0.55,58103320,2.65,0.16,46400.00,0.46,0.54
NJ,2009,0.13,1101570.00,1.85,SNAP,1.85,SNAP,0.51,0,0.49,492709080,2.68,0.19,394240.00,0.56,0.44
NM,2009,0.17,336430.00,1.3,SNAP,1.85,other nutrition pgm,0.55,0.18,0.27,136915050,2.44,0.27,137720.00,0.73,0.27
NV,2009,0.16,410390.00,2,SNAP,2,SNAP,0.6,0,0.4,168755680,2.46,0.28,182710.00,0.54,0.46
NY,2009,0.14,2616780.00,1.3,SNAP,1.85,other nutrition pgm,0.45,0.17,0.38,1220401570,2.79,0.22,1006390.00,0.6,0.4
OH,2009,0.17,1973510.00,1.3,SNAP,1.85,other nutrition pgm,0.43,0.15,0.42,759599150,2.3,0.27,731040.00,0.6,0.4
OK,2009,0.17,618600.00,1.3,SNAP,1.85,other nutrition pgm,0.49,0.17,0.35,257785960,2.49,0.27,240740.00,0.63,0.37
OR,2009,0.17,626420.00,1.85,SNAP,1.85,SNAP,0.65,0,0.35,272475420,2.6,0.29,252510.00,0.59,0.41
PA,2009,0.14,1690430.00,1.6,SNAP,1.85,other nutrition pgm,0.52,0.07,0.42,712335010,2.52,0.21,588370.00,0.62,0.38
RI,2009,0.16,164830.00,1.85,SNAP,1.85,SNAP,0.55,0,0.45,78131700,2.84,0.24,55390.00,0.6,0.4
SC,2009,0.18,807960.00,1.3,SNAP,1.85,other nutrition pgm,0.48,0.19,0.33,319896400,2.37,0.28,292840.00,0.64,0.36
SD,2009,0.12,92220.00,1.3,SNAP,1.85,other nutrition pgm,0.46,0.15,0.39,40034890,2.6,0.2,38440.00,0.6,0.4
TN,2009,0.17,1064160.00,1.3,SNAP,1.85,other nutrition pgm,0.49,0.19,0.32,458364340,2.58,0.27,396470.00,0.7,0.3
TX,2009,0.18,4245970.00,1.65,SNAP,1.85,other nutrition pgm,0.61,0.08,0.31,1673903770,2.36,0.28,1871660.00,0.67,0.33
UT,2009,0.15,399560.00,1.3,SNAP,1.85,other nutrition pgm,0.4,0.18,0.42,163284940,2.45,0.21,170760.00,0.54,0.46
VA,2009,0.12,912790.00,1.3,SNAP,1.85,other nutrition pgm,0.4,0.19,0.41,409046470,2.68,0.18,321490.00,0.57,0.43
VT,2009,0.13,82270.00,1.85,SNAP,1.85,SNAP,0.57,0,0.43,41440980,3.01,0.21,27160.00,0.53,0.47
WA,2009,0.15,953820.00,2,SNAP,2,SNAP,0.61,0,0.39,412052030,2.59,0.25,382860.00,0.59,0.41
WI,2009,0.13,733180.00,2,SNAP,2,SNAP,0.58,0,0.42,285310530,2.33,0.23,297870.00,0.56,0.44
WV,2009,0.14,253580.00,1.3,SNAP,1.85,other nutrition pgm,0.52,0.17,0.31,105565460,2.49,0.22,85200.00,0.67,0.33
WY,2009,0.12,63280.00,1.3,SNAP,1.85,other nutrition pgm,0.36,0.2,0.44,27229660,2.58,0.21,25940.00,0.53,0.47
AK,2010,0.15,104510.00,1.3,SNAP,1.85,Other Nutrition Program,0.39,0.21,0.4,48031340,2.67,0.2,36670.00,0.54,0.46
AL,2010,0.19,919670.00,1.3,SNAP,1.85,Other Nutrition Program,0.46,0.22,0.33,392590090,2.48,0.27,298960.00,0.7,0.3
AR,2010,0.19,560410.00,1.3,SNAP,1.85,Other Nutrition Program,0.48,0.22,0.31,231511600,2.4,0.28,194460.00,0.71,0.29
AZ,2010,0.19,1216900.00,1.85,"SNAP, Other Nutrition Programs",1.85,"SNAP, Other Nutrition Programs",0.68,0,0.32,502714910,2.4,0.29,466010.00,0.71,0.29
CA,2010,0.17,6403510.00,1.3,SNAP,1.85,Other Nutrition Program,0.51,0.21,0.28,2810696200,2.55,0.27,2453770.00,0.67,0.33
CO,2010,0.16,783380.00,1.3,SNAP,1.85,Other Nutrition Program,0.45,0.18,0.37,327668270,2.43,0.22,268650.00,0.62,0.38
CT,2010,0.14,493020.00,1.85,"SNAP, Other Nutrition Programs",1.85,"SNAP, Other Nutrition Programs",0.52,0,0.48,231676950,2.73,0.19,151530.00,0.55,0.45
DC,2010,0.17,99490.00,2,"SNAP, Other Nutrition Programs",2,"SNAP, Other Nutrition Programs",0.6,0,0.4,58396850,3.41,0.31,30850.00,0.67,0.33
DE,2010,0.13,114940.00,2,"SNAP, Other Nutrition Programs",2,"SNAP, Other Nutrition Programs",0.57,0,0.43,52033440,2.63,0.18,37240.00,0.63,0.37
FL,2010,0.19,3609200.00,2,"SNAP, Other Nutrition Programs",2,"SNAP, Other Nutrition Programs",0.67,0,0.33,1627675680,2.62,0.28,1117730.00,0.67,0.33
GA,2010,0.2,1936470.00,1.3,SNAP,1.85,Other Nutrition Program,0.46,0.21,0.33,829976420,2.49,0.28,694530.00,0.67,0.33
HI,2010,0.14,190300.00,2,"SNAP, Other Nutrition Programs",2,"SNAP, Other Nutrition Programs",0.52,0,0.48,85166300,2.6,0.22,64430.00,0.47,0.53
IA,2010,0.13,408280.00,1.6,SNAP,1.85,Other Nutrition Program,0.49,0.1,0.42,165151150,2.35,0.2,138340.00,0.57,0.43
ID,2010,0.17,267620.00,1.3,SNAP,1.85,Other Nutrition Program,0.45,0.21,0.34,123915740,2.69,0.23,96660.00,0.65,0.35
IL,2010,0.15,1932580.00,1.3,SNAP,1.85,Other Nutrition Program,0.42,0.2,0.38,798370270,2.4,0.22,684960.00,0.66,0.34
IN,2010,0.16,1050030.00,1.3,SNAP,1.85,Other Nutrition Program,0.48,0.2,0.33,435586470,2.41,0.23,358120.00,0.7,0.3
KS,2010,0.15,428490.00,1.3,SNAP,1.85,Other Nutrition Program,0.46,0.17,0.37,185864680,2.52,0.23,162030.00,0.64,0.36
KY,2010,0.17,750420.00,1.3,SNAP,1.85,Other Nutrition Program,0.53,0.18,0.29,313881930,2.43,0.23,226790.00,0.74,0.26
LA,2010,0.17,759740.00,1.3,SNAP,1.85,Other Nutrition Program,0.46,0.2,0.34,309933820,2.37,0.23,253750.00,0.69,0.31
MA,2010,0.12,806480.00,2,"SNAP, Other Nutrition Programs",2,"SNAP, Other Nutrition Programs",0.57,0,0.43,390081680,2.81,0.17,235480.00,0.6,0.4
MD,2010,0.13,740240.00,2,"SNAP, Other Nutrition Programs",2,"SNAP, Other Nutrition Programs",0.54,0,0.47,338929850,2.66,0.18,236560.00,0.57,0.43
ME,2010,0.15,198260.00,1.85,"SNAP, Other Nutrition Programs",1.85,"SNAP, Other Nutrition Programs",0.61,0,0.4,93165130,2.73,0.23,61020.00,0.65,0.35
MI,2010,0.19,1872780.00,2,"SNAP, Other Nutrition Programs",2,"SNAP, Other Nutrition Programs",0.67,0,0.33,783337050,2.43,0.25,568890.00,0.69,0.31
MN,2010,0.12,608770.00,1.65,SNAP,1.85,Other Nutrition Program,0.52,0.07,0.41,246250280,2.35,0.17,212050.00,0.65,0.35
MO,2010,0.17,1026180.00,1.3,SNAP,1.85,Other Nutrition Program,0.45,0.21,0.34,427459080,2.42,0.23,316450.00,0.7,0.3
MS,2010,0.22,647050.00,1.3,SNAP,1.85,Other Nutrition Program,0.49,0.21,0.3,282896250,2.54,0.28,210350.00,0.74,0.26
MT,2010,0.15,144140.00,2,"SNAP, Other Nutrition Programs",2,"SNAP, Other Nutrition Programs",0.65,0,0.35,61282590,2.47,0.21,45700.00,0.61,0.39
NC,2010,0.2,1870290.00,2,"SNAP, Other Nutrition Programs",2,"SNAP, Other Nutrition Programs",0.67,0,0.33,808050140,2.51,0.28,621650.00,0.66,0.34
ND,2010,0.08,51850.00,2,"SNAP, Other Nutrition Programs",2,"SNAP, Other Nutrition Programs",0.63,0,0.38,21152060,2.37,0.11,15780.00,0.56,0.44
NE,2010,0.13,243790.00,1.3,SNAP,1.85,Other Nutrition Program,0.4,0.19,0.41,98614180,2.35,0.22,96700.00,0.61,0.39
NH,2010,0.11,143150.00,1.85,"SNAP, Other Nutrition Programs",1.85,"SNAP, Other Nutrition Programs",0.48,0,0.52,65050540,2.64,0.14,40400.00,0.53,0.47
NJ,2010,0.14,1190130.00,1.85,"SNAP, Other Nutrition Programs",1.85,"SNAP, Other Nutrition Programs",0.55,0,0.45,546967220,2.67,0.19,380170.00,0.61,0.39
NM,2010,0.19,381690.00,1.65,SNAP,1.85,Other Nutrition Program,0.67,0.08,0.25,155709380,2.37,0.29,146940.00,0.71,0.29
NV,2010,0.18,472710.00,2,"SNAP, Other Nutrition Programs",2,"SNAP, Other Nutrition Programs",0.67,0,0.33,205859510,2.53,0.28,184890.00,0.61,0.39
NY,2010,0.14,2757270.00,1.3,SNAP,1.85,Other Nutrition Program,0.45,0.19,0.36,1186519660,2.5,0.21,902070.00,0.62,0.38
OH,2010,0.18,2083240.00,1.3,SNAP,1.85,Other Nutrition Program,0.45,0.17,0.38,835508480,2.33,0.26,693110.00,0.66,0.34
OK,2010,0.18,664890.00,1.3,SNAP,1.85,Other Nutrition Program,0.47,0.19,0.34,281540280,2.46,0.27,244050.00,0.63,0.37
OR,2010,0.18,671440.00,1.85,"SNAP, Other Nutrition Programs",1.85,"SNAP, Other Nutrition Programs",0.7,0,0.3,295871280,2.56,0.29,247380.00,0.65,0.35
PA,2010,0.15,1850140.00,1.6,SNAP,1.85,Other Nutrition Program,0.5,0.08,0.42,805713700,2.53,0.2,555110.00,0.65,0.35
RI,2010,0.15,161360.00,1.85,"SNAP, Other Nutrition Programs",1.85,"SNAP, Other Nutrition Programs",0.61,0,0.39,75547560,2.72,0.22,47660.00,0.68,0.32
SC,2010,0.19,870420.00,1.3,SNAP,1.85,Other Nutrition Program,0.47,0.22,0.31,353587170,2.36,0.27,288640.00,0.69,0.31
SD,2010,0.13,102470.00,1.3,SNAP,1.85,Other Nutrition Program,0.46,0.17,0.38,43213400,2.45,0.18,35450.00,0.62,0.38
TN,2010,0.18,1116550.00,1.3,SNAP,1.85,Other Nutrition Program,0.49,0.22,0.3,488166000,2.54,0.25,368490.00,0.74,0.26
TX,2010,0.19,4672780.00,1.65,SNAP,1.85,Other Nutrition Program,0.64,0.08,0.29,1857988190,2.31,0.27,1845670.00,0.68,0.32
UT,2010,0.17,472000.00,1.3,SNAP,1.85,Other Nutrition Program,0.42,0.2,0.39,210425030,2.59,0.22,189540.00,0.56,0.44
VA,2010,0.12,992490.00,1.3,SNAP,1.85,Other Nutrition Program,0.39,0.22,0.39,428800710,2.51,0.16,300430.00,0.63,0.37
VT,2010,0.14,88260.00,1.85,"SNAP, Other Nutrition Programs",1.85,"SNAP, Other Nutrition Programs",0.59,0,0.41,38436170,2.53,0.21,25960.00,0.6,0.4
WA,2010,0.16,1069360.00,2,"SNAP, Other Nutrition Programs",2,"SNAP, Other Nutrition Programs",0.64,0,0.36,465693410,2.53,0.24,378020.00,0.62,0.38
WI,2010,0.13,756120.00,2,"SNAP, Other Nutrition Programs",2,"SNAP, Other Nutrition Programs",0.64,0,0.36,311060070,2.39,0.21,279920.00,0.64,0.36
WV,2010,0.15,271750.00,1.3,SNAP,1.85,Other Nutrition Program,0.49,0.17,0.33,112262940,2.4,0.21,79360.00,0.65,0.35
WY,2010,0.12,68760.00,1.3,SNAP,1.85,Other Nutrition Program,0.37,0.21,0.42,28760590,2.43,0.19,25060.00,0.58,0.43
AL,2011,0.2,936410.00,1.3,SNAP,1.85,Other Nutrition Program,0.51,0.21,0.28,403023850,2.64,0.26,292740.00,0.75,0.25
AK,2011,0.15,106200.00,1.3,SNAP,1.85,Other Nutrition Program,0.42,0.23,0.36,50209200,2.9,0.2,37640.00,0.65,0.35
AZ,2011,0.19,1237540.00,1.85,"SNAP, Other Nutrition Programs",1.85,"SNAP, Other Nutrition Programs",0.69,0,0.32,502364990,2.49,0.3,478420.00,0.72,0.28
AR,2011,0.2,579200.00,1.3,SNAP,1.85,Other Nutrition Program,0.52,0.2,0.28,237008030,2.51,0.28,198750.00,0.73,0.27
CA,2011,0.17,6568450.00,1.3,SNAP,1.85,Other Nutrition Program,0.54,0.19,0.27,2923387080,2.73,0.27,2487750.00,0.71,0.29
CO,2011,0.16,795300.00,1.3,SNAP,1.85,Other Nutrition Program,0.46,0.18,0.36,352663620,2.72,0.22,266090.00,0.64,0.36
CT,2011,0.15,520350.00,1.85,"SNAP, Other Nutrition Programs",1.85,"SNAP, Other Nutrition Programs",0.54,0,0.46,239224380,2.82,0.2,157550.00,0.58,0.42
DE,2011,0.13,120020.00,2,"SNAP, Other Nutrition Programs",2,"SNAP, Other Nutrition Programs",0.59,0,0.41,53808030,2.75,0.18,36860.00,0.71,0.29
DC,2011,0.16,97120.00,2,"SNAP, Other Nutrition Programs",2,"SNAP, Other Nutrition Programs",0.61,0,0.39,56524620,3.57,0.3,31460.00,0.63,0.37
FL,2011,0.19,3558910.00,2,"SNAP, Other Nutrition Programs",2,"SNAP, Other Nutrition Programs",0.68,0,0.32,1601352210,2.76,0.28,1118050.00,0.69,0.31
GA,2011,0.2,1965340.00,1.3,SNAP,1.85,Other Nutrition Program,0.53,0.19,0.28,829847390,2.59,0.29,707390.00,0.7,0.3
HI,2011,0.15,200100.00,2,"SNAP, Other Nutrition Programs",2,"SNAP, Other Nutrition Programs",0.52,0,0.48,87426410,2.68,0.24,71020.00,0.52,0.48
ID,2011,0.17,274230.00,1.3,SNAP,1.85,Other Nutrition Program,0.46,0.23,0.31,117579470,2.63,0.23,96090.00,0.67,0.33
IL,2011,0.15,1957450.00,1.3,SNAP,1.85,Other Nutrition Program,0.5,0.17,0.33,762692290,2.39,0.23,692100.00,0.68,0.32
IN,2011,0.16,1063990.00,1.3,SNAP,1.85,Other Nutrition Program,0.52,0.17,0.31,404160850,2.33,0.23,355780.00,0.69,0.31
IA,2011,0.13,395620.00,1.6,SNAP,1.85,Other Nutrition Program,0.53,0.09,0.38,152212750,2.36,0.19,137120.00,0.6,0.4
KS,2011,0.15,433260.00,1.3,SNAP,1.85,Other Nutrition Program,0.47,0.18,0.35,177289530,2.51,0.23,160770.00,0.67,0.33
KY,2011,0.17,749490.00,1.3,SNAP,1.85,Other Nutrition Program,0.56,0.17,0.28,294471770,2.41,0.22,224800.00,0.75,0.25
LA,2011,0.17,784450.00,1.3,SNAP,1.85,Other Nutrition Program,0.56,0.16,0.27,332505930,2.6,0.24,259520.00,0.7,0.3
ME,2011,0.16,208620.00,1.85,"SNAP, Other Nutrition Programs",1.85,"SNAP, Other Nutrition Programs",0.65,0,0.35,101352150,2.98,0.24,62810.00,0.69,0.31
MD,2011,0.13,781200.00,2,"SNAP, Other Nutrition Programs",2,"SNAP, Other Nutrition Programs",0.54,0,0.47,350231900,2.75,0.19,251730.00,0.57,0.43
MA,2011,0.12,809920.00,2,"SNAP, Other Nutrition Programs",2,"SNAP, Other Nutrition Programs",0.56,0,0.44,388195260,2.94,0.17,229170.00,0.61,0.39
MI,2011,0.18,1769790.00,2,"SNAP, Other Nutrition Programs",2,"SNAP, Other Nutrition Programs",0.69,0,0.31,701114240,2.43,0.24,533470.00,0.69,0.31
MN,2011,0.11,607920.00,1.65,SNAP,1.85,Other Nutrition Program,0.57,0.07,0.36,253715600,2.56,0.17,209830.00,0.65,0.35
MS,2011,0.21,638460.00,1.3,SNAP,1.85,Other Nutrition Program,0.57,0.19,0.23,275829270,2.65,0.27,202980.00,0.76,0.24
MO,2011,0.17,1029030.00,1.3,SNAP,1.85,Other Nutrition Program,0.49,0.2,0.3,411012370,2.45,0.23,312440.00,0.68,0.32
MT,2011,0.15,149020.00,2,"SNAP, Other Nutrition Programs",2,"SNAP, Other Nutrition Programs",0.63,0,0.37,61950600,2.55,0.22,47720.00,0.64,0.36
NE,2011,0.14,252060.00,1.3,SNAP,1.85,Other Nutrition Program,0.41,0.18,0.41,100677120,2.45,0.21,94940.00,0.62,0.38
NV,2011,0.17,472660.00,2,"SNAP, Other Nutrition Programs",2,"SNAP, Other Nutrition Programs",0.68,0,0.32,197264800,2.56,0.28,183360.00,0.66,0.34
NH,2011,0.11,139910.00,1.85,"SNAP, Other Nutrition Programs",1.85,"SNAP, Other Nutrition Programs",0.52,0,0.48,64549960,2.83,0.15,40490.00,0.55,0.45
NJ,2011,0.14,1230690.00,1.85,"SNAP, Other Nutrition Programs",1.85,"SNAP, Other Nutrition Programs",0.61,0,0.39,565794290,2.82,0.19,383020.00,0.62,0.38
NM,2011,0.2,417780.00,1.65,SNAP,1.85,Other Nutrition Program,0.68,0.07,0.24,168911840,2.48,0.31,156930.00,0.78,0.22
NY,2011,0.15,2853190.00,1.3,SNAP,1.85,Other Nutrition Program,0.53,0.17,0.3,1246597540,2.68,0.22,924970.00,0.67,0.33
NC,2011,0.19,1863330.00,2,"SNAP, Other Nutrition Programs",2,"SNAP, Other Nutrition Programs",0.67,0,0.33,786774580,2.59,0.27,618200.00,0.71,0.29
ND,2011,0.07,50400.00,2,"SNAP, Other Nutrition Programs",2,"SNAP, Other Nutrition Programs",0.61,0,0.39,21034460,2.56,0.1,15250.00,0.61,0.39
OH,2011,0.18,2054290.00,1.3,SNAP,1.85,Other Nutrition Program,0.51,0.16,0.33,807122720,2.41,0.26,679900.00,0.68,0.32
OK,2011,0.17,653820.00,1.3,SNAP,1.85,Other Nutrition Program,0.51,0.18,0.32,275003790,2.58,0.25,233350.00,0.67,0.33
OR,2011,0.18,694050.00,1.85,"SNAP, Other Nutrition Programs",1.85,"SNAP, Other Nutrition Programs",0.72,0,0.29,293056460,2.59,0.29,245260.00,0.66,0.34
PA,2011,0.15,1894550.00,1.6,SNAP,1.85,Other Nutrition Program,0.54,0.09,0.37,821577400,2.66,0.21,559120.00,0.65,0.35
RI,2011,0.15,161050.00,1.85,"SNAP, Other Nutrition Programs",1.85,"SNAP, Other Nutrition Programs",0.61,0,0.39,75616050,2.88,0.22,47780.00,0.69,0.31
SC,2011,0.19,870210.00,1.3,SNAP,1.85,Other Nutrition Program,0.55,0.2,0.26,353251650,2.49,0.27,292800.00,0.7,0.3
SD,2011,0.13,103180.00,1.3,SNAP,1.85,Other Nutrition Program,0.46,0.17,0.38,43735050,2.6,0.18,36110.00,0.6,0.4
TN,2011,0.18,1127190.00,1.3,SNAP,1.85,Other Nutrition Program,0.53,0.21,0.26,488809390,2.66,0.25,369020.00,0.75,0.25
TX,2011,0.19,4812760.00,1.65,SNAP,1.85,Other Nutrition Program,0.65,0.08,0.26,1788915510,2.28,0.28,1894060.00,0.7,0.3
UT,2011,0.17,471850.00,1.3,SNAP,1.85,Other Nutrition Program,0.43,0.18,0.39,182311090,2.37,0.21,186170.00,0.58,0.42
VT,2011,0.13,81750.00,1.85,"SNAP, Other Nutrition Programs",1.85,"SNAP, Other Nutrition Programs",0.62,0,0.38,39182840,2.94,0.19,23670.00,0.59,0.41
VA,2011,0.13,1026730.00,1.3,SNAP,1.85,Other Nutrition Program,0.46,0.18,0.37,461983120,2.76,0.17,301980.00,0.61,0.39
WA,2011,0.16,1101490.00,2,"SNAP, Other Nutrition Programs",2,"SNAP, Other Nutrition Programs",0.61,0,0.39,474073050,2.64,0.24,375880.00,0.65,0.35
WV,2011,0.15,283300.00,1.3,SNAP,1.85,Other Nutrition Program,0.51,0.18,0.31,117773490,2.55,0.22,82220.00,0.66,0.34
WI,2011,0.13,744410.00,2,"SNAP, Other Nutrition Programs",2,"SNAP, Other Nutrition Programs",0.66,0,0.35,290048670,2.39,0.21,270150.00,0.65,0.35
WY,2011,0.12,68120.00,1.3,SNAP,1.85,Other Nutrition Program,0.39,0.22,0.39,29651500,2.67,0.18,23820.00,0.57,0.43
AL,2012,0.19,895430.00,1.3,SNAP,1.85,Other Nutrition Program,0.53,0.19,0.28,430525000,2.75,0.26,289960.00,0.74,0.26
AK,2012,0.14,102180.00,1.3,SNAP,1.85,Other Nutrition Program,0.45,0.18,0.37,55653000,3.11,0.2,36650.00,0.61,0.39
AZ,2012,0.18,1169570.00,1.85,"SNAP, Other Nutrition Programs",1.85,"SNAP, Other Nutrition Programs",0.69,0,0.31,526731000,2.57,0.28,456760.00,0.71,0.29
AR,2012,0.19,573030.00,1.3,SNAP,1.85,Other Nutrition Program,0.54,0.17,0.29,260570000,2.6,0.28,196950.00,0.73,0.27
CA,2012,0.16,6179590.00,1.3,SNAP,1.85,Other Nutrition Program,0.58,0.16,0.26,3032920000,2.8,0.26,2426510.00,0.71,0.29
CO,2012,0.15,755730.00,1.3,SNAP,1.85,Other Nutrition Program,0.48,0.16,0.36,375542000,2.84,0.21,262110.00,0.64,0.36
CT,2012,0.14,498460.00,1.85,"SNAP, Other Nutrition Programs",1.85,"SNAP, Other Nutrition Programs",0.54,0,0.46,255104000,2.92,0.2,155380.00,0.57,0.43
DE,2012,0.13,119500.00,2,"SNAP, Other Nutrition Programs",2,"SNAP, Other Nutrition Programs",0.65,0,0.35,60381000,2.89,0.18,37430.00,0.74,0.26
DC,2012,0.15,91540.00,2,"SNAP, Other Nutrition Programs",2,"SNAP, Other Nutrition Programs",0.7,0,0.3,60483000,3.77,0.28,30600.00,0.68,0.32
FL,2012,0.18,3448220.00,2,"SNAP, Other Nutrition Programs",2,"SNAP, Other Nutrition Programs",0.74,0,0.27,1737045000,2.88,0.28,1103850.00,0.7,0.3
GA,2012,0.19,1874590.00,1.3,SNAP,1.85,Other Nutrition Program,0.55,0.17,0.28,887782000,2.7,0.28,700780.00,0.71,0.29
HI,2012,0.14,197280.00,2,"SNAP, Other Nutrition Programs",2,"SNAP, Other Nutrition Programs",0.56,0,0.44,98954000,2.86,0.24,72390.00,0.52,0.48
ID,2012,0.16,252060.00,1.3,SNAP,1.85,Other Nutrition Program,0.5,0.2,0.3,118756000,2.69,0.22,91730.00,0.68,0.32
IL,2012,0.14,1833810.00,1.3,SNAP,1.85,Other Nutrition Program,0.52,0.16,0.33,791626000,2.46,0.22,661950.00,0.67,0.33
IN,2012,0.16,1023650.00,1.3,SNAP,1.85,Other Nutrition Program,0.54,0.15,0.31,435300000,2.43,0.22,345730.00,0.71,0.29
IA,2012,0.13,389730.00,1.6,SNAP,1.85,Other Nutrition Program,0.52,0.08,0.4,168364000,2.47,0.19,139200.00,0.56,0.44
KS,2012,0.15,426850.00,1.3,SNAP,1.85,Other Nutrition Program,0.5,0.15,0.35,195411000,2.61,0.23,162400.00,0.68,0.32
KY,2012,0.17,730480.00,1.3,SNAP,1.85,Other Nutrition Program,0.58,0.14,0.28,321101000,2.51,0.22,220170.00,0.74,0.26
LA,2012,0.17,778200.00,1.3,SNAP,1.85,Other Nutrition Program,0.58,0.15,0.28,371618000,2.73,0.23,261960.00,0.72,0.28
ME,2012,0.16,206000.00,1.85,"SNAP, Other Nutrition Programs",1.85,"SNAP, Other Nutrition Programs",0.64,0,0.36,111393000,3.09,0.24,64200.00,0.69,0.31
MD,2012,0.13,773200.00,2,"SNAP, Other Nutrition Programs",2,"SNAP, Other Nutrition Programs",0.59,0,0.41,388236000,2.87,0.19,259330.00,0.57,0.43
MA,2012,0.12,789800.00,2,"SNAP, Other Nutrition Programs",2,"SNAP, Other Nutrition Programs",0.63,0,0.37,420701000,3.04,0.17,232270.00,0.62,0.38
MI,2012,0.17,1660050.00,2,"SNAP, Other Nutrition Programs",2,"SNAP, Other Nutrition Programs",0.74,0,0.27,737072000,2.54,0.22,505730.00,0.68,0.32
MN,2012,0.11,578070.00,1.65,SNAP,1.85,Other Nutrition Program,0.59,0.05,0.36,274262000,2.71,0.16,205910.00,0.65,0.35
MS,2012,0.22,665790.00,1.3,SNAP,1.85,Other Nutrition Program,0.59,0.16,0.25,324903000,2.79,0.29,214720.00,0.75,0.25
MO,2012,0.17,1031030.00,1.3,SNAP,1.85,Other Nutrition Program,0.52,0.18,0.31,457126000,2.53,0.22,308110.00,0.68,0.32
MT,2012,0.15,146580.00,2,"SNAP, Other Nutrition Programs",2,"SNAP, Other Nutrition Programs",0.68,0,0.32,68331000,2.66,0.22,48500.00,0.64,0.36
NE,2012,0.13,248100.00,1.3,SNAP,1.85,Other Nutrition Program,0.44,0.15,0.41,111715000,2.57,0.21,95680.00,0.62,0.39
NV,2012,0.17,464090.00,2,"SNAP, Other Nutrition Programs",2,"SNAP, Other Nutrition Programs",0.75,0,0.25,214671000,2.64,0.28,186380.00,0.69,0.31
NH,2012,0.11,144290.00,1.85,"SNAP, Other Nutrition Programs",1.85,"SNAP, Other Nutrition Programs",0.53,0,0.47,73905000,2.92,0.16,44440.00,0.55,0.45
NJ,2012,0.13,1151890.00,1.85,"SNAP, Other Nutrition Programs",1.85,"SNAP, Other Nutrition Programs",0.62,0,0.38,600738000,2.98,0.19,375240.00,0.64,0.36
NM,2012,0.19,387100.00,1.65,SNAP,1.85,Other Nutrition Program,0.69,0.06,0.25,175675000,2.59,0.29,150390.00,0.76,0.24
NY,2012,0.14,2758740.00,2,"SNAP, Other Nutrition Programs",2,"SNAP, Other Nutrition Programs",0.74,0,0.27,1359183000,2.81,0.22,927150.00,0.67,0.33
NC,2012,0.19,1813870.00,2,"SNAP, Other Nutrition Programs",2,"SNAP, Other Nutrition Programs",0.73,0,0.27,854416000,2.69,0.27,608850.00,0.72,0.28
ND,2012,0.08,54140.00,2,"SNAP, Other Nutrition Programs",2,"SNAP, Other Nutrition Programs",0.6,0,0.4,25799000,2.72,0.11,16350.00,0.51,0.49
OH,2012,0.17,1982170.00,1.3,SNAP,1.85,Other Nutrition Program,0.54,0.14,0.32,867931000,2.5,0.25,671090.00,0.67,0.33
OK,2012,0.17,656300.00,1.3,SNAP,1.85,Other Nutrition Program,0.53,0.16,0.31,305922000,2.66,0.26,239380.00,0.67,0.33
OR,2012,0.17,653000.00,1.85,"SNAP, Other Nutrition Programs",1.85,"SNAP, Other Nutrition Programs",0.72,0,0.28,302837000,2.65,0.27,235410.00,0.68,0.32
PA,2012,0.14,1828730.00,1.6,SNAP,1.85,Other Nutrition Program,0.56,0.08,0.37,879686000,2.75,0.21,562770.00,0.66,0.34
RI,2012,0.15,153940.00,1.85,"SNAP, Other Nutrition Programs",1.85,"SNAP, Other Nutrition Programs",0.62,0,0.38,79077000,2.93,0.21,46150.00,0.68,0.32
SC,2012,0.18,848590.00,1.3,SNAP,1.85,Other Nutrition Program,0.56,0.18,0.26,387989000,2.61,0.26,284880.00,0.71,0.29
SD,2012,0.12,102860.00,1.3,SNAP,1.85,Other Nutrition Program,0.46,0.16,0.38,49405000,2.74,0.19,37770.00,0.62,0.38
TN,2012,0.17,1101800.00,1.3,SNAP,1.85,Other Nutrition Program,0.55,0.19,0.27,534330000,2.77,0.25,368530.00,0.73,0.27
TX,2012,0.18,4773850.00,1.65,SNAP,1.85,Other Nutrition Program,0.67,0.07,0.26,2007186000,2.4,0.27,1909470.00,0.7,0.3
UT,2012,0.16,443830.00,1.3,SNAP,1.85,Other Nutrition Program,0.47,0.18,0.36,196493000,2.53,0.21,183320.00,0.62,0.38
VT,2012,0.13,83630.00,1.85,"SNAP, Other Nutrition Programs",1.85,"SNAP, Other Nutrition Programs",0.63,0,0.37,44884000,3.06,0.2,24530.00,0.63,0.37
VA,2012,0.12,993530.00,1.3,SNAP,1.85,Other Nutrition Program,0.48,0.18,0.34,497973000,2.86,0.16,299600.00,0.62,0.38
WA,2012,0.15,1031460.00,2,"SNAP, Other Nutrition Programs",2,"SNAP, Other Nutrition Programs",0.67,0,0.33,486204000,2.69,0.23,370380.00,0.63,0.37
WV,2012,0.15,278280.00,1.3,SNAP,1.85,Other Nutrition Program,0.52,0.15,0.33,126468000,2.59,0.22,83190.00,0.68,0.32
WI,2012,0.13,724370.00,2,"SNAP, Other Nutrition Programs",2,"SNAP, Other Nutrition Programs",0.7,0,0.31,313641000,2.47,0.21,273140.00,0.64,0.36
WY,2012,0.13,74960.00,1.3,SNAP,1.85,Other Nutrition Program,0.41,0.17,0.42,36470000,2.78,0.19,26190.00,0.5,0.5
AL,2013,0.19,908770.00,1.3,SNAP,1.85,Other Nutrition Program,0.54,0.18,0.28,444265000,2.76,0.26,294060.00,0.76,0.24
AK,2013,0.14,104750.00,1.3,SNAP,1.85,Other Nutrition Program,0.41,0.19,0.4,59107000,3.19,0.2,37590.00,0.6,0.4
AZ,2013,0.18,1161390.00,1.85,"SNAP, Other Nutrition Programs",1.85,"SNAP, Other Nutrition Programs",0.69,0,0.31,561993000,2.73,0.28,454460.00,0.72,0.28
AR,2013,0.2,584270.00,1.3,SNAP,1.85,Other Nutrition Program,0.56,0.17,0.28,273570000,2.65,0.28,201820.00,0.76,0.24
CA,2013,0.15,5731740.00,2,"SNAP, Other Nutrition Programs",2,"SNAP, Other Nutrition Programs",0.78,0,0.22,3037087000,2.99,0.25,2316570.00,0.71,0.29
CO,2013,0.14,733080.00,1.3,SNAP,1.85,Other Nutrition Program,0.49,0.16,0.35,386399000,2.98,0.21,253000.00,0.65,0.35
CT,2013,0.14,488350.00,1.85,"SNAP, Other Nutrition Programs",1.85,"SNAP, Other Nutrition Programs",0.55,0,0.45,253481000,2.93,0.19,152990.00,0.59,0.41
DE,2013,0.13,122310.00,2,"SNAP, Other Nutrition Programs",2,"SNAP, Other Nutrition Programs",0.66,0,0.34,62711000,2.9,0.19,39780.00,0.71,0.29
DC,2013,0.15,96940.00,2,"SNAP, Other Nutrition Programs",2,"SNAP, Other Nutrition Programs",0.73,0,0.27,60267000,3.51,0.31,32100.00,0.7,0.3
FL,2013,0.17,3315550.00,2,"SNAP, Other Nutrition Programs",2,"SNAP, Other Nutrition Programs",0.73,0,0.27,1714988000,2.92,0.27,1071760.00,0.7,0.3
GA,2013,0.19,1871790.00,1.3,SNAP,1.85,Other Nutrition Program,0.56,0.17,0.28,910560000,2.75,0.28,700870.00,0.73,0.27
HI,2013,0.14,193940.00,2,"SNAP, Other Nutrition Programs",2,"SNAP, Other Nutrition Programs",0.58,0,0.42,102567000,2.99,0.22,68450.00,0.5,0.5
ID,2013,0.16,250830.00,1.3,SNAP,1.85,Other Nutrition Program,0.5,0.2,0.3,123492000,2.78,0.21,90240.00,0.72,0.28
IL,2013,0.14,1755180.00,1.3,SNAP,1.85,Other Nutrition Program,0.52,0.15,0.32,787542000,2.54,0.21,643040.00,0.69,0.31
IN,2013,0.15,1012970.00,1.3,SNAP,1.85,Other Nutrition Program,0.56,0.15,0.29,440889000,2.46,0.22,348570.00,0.73,0.27
IA,2013,0.13,389250.00,1.6,SNAP,1.85,Other Nutrition Program,0.52,0.08,0.4,173068000,2.51,0.19,139850.00,0.59,0.41
KS,2013,0.15,419330.00,1.3,SNAP,1.85,Other Nutrition Program,0.49,0.16,0.35,198903000,2.68,0.22,161740.00,0.67,0.33
KY,2013,0.16,722330.00,1.3,SNAP,1.85,Other Nutrition Program,0.58,0.13,0.29,324612000,2.54,0.22,221780.00,0.75,0.25
LA,2013,0.17,777650.00,1.3,SNAP,1.85,Other Nutrition Program,0.58,0.13,0.28,376268000,2.73,0.24,271500.00,0.72,0.28
ME,2013,0.16,206090.00,1.85,"SNAP, Other Nutrition Programs",1.85,"SNAP, Other Nutrition Programs",0.65,0,0.35,113989000,3.12,0.23,61080.00,0.69,0.31
MD,2013,0.13,757430.00,2,"SNAP, Other Nutrition Programs",2,"SNAP, Other Nutrition Programs",0.59,0,0.41,391669000,2.92,0.19,258110.00,0.58,0.42
MA,2013,0.12,767550.00,2,"SNAP, Other Nutrition Programs",2,"SNAP, Other Nutrition Programs",0.64,0,0.36,414876000,3.05,0.17,232150.00,0.64,0.36
MI,2013,0.16,1623410.00,2,"SNAP, Other Nutrition Programs",2,"SNAP, Other Nutrition Programs",0.74,0,0.26,737256000,2.57,0.21,480490.00,0.7,0.3
MN,2013,0.11,572760.00,1.65,SNAP,1.85,Other Nutrition Program,0.59,0.06,0.35,277568000,2.74,0.16,205050.00,0.67,0.33
MS,2013,0.23,679750.00,1.3,SNAP,1.85,Other Nutrition Program,0.6,0.15,0.25,335570000,2.79,0.29,217220.00,0.75,0.25
MO,2013,0.17,1030030.00,1.3,SNAP,1.85,Other Nutrition Program,0.52,0.18,0.31,474080000,2.6,0.22,304810.00,0.69,0.31
MT,2013,0.14,144440.00,2,"SNAP, Other Nutrition Programs",2,"SNAP, Other Nutrition Programs",0.67,0,0.33,69699000,2.73,0.22,49300.00,0.64,0.36
NE,2013,0.13,246960.00,1.3,SNAP,1.85,Other Nutrition Program,0.46,0.15,0.39,115138000,2.63,0.21,97080.00,0.66,0.34
NV,2013,0.16,441190.00,2,"SNAP, Other Nutrition Programs",2,"SNAP, Other Nutrition Programs",0.75,0,0.25,216105000,2.77,0.27,176810.00,0.7,0.3
NH,2013,0.11,143200.00,1.85,"SNAP, Other Nutrition Programs",1.85,"SNAP, Other Nutrition Programs",0.54,0,0.47,75067000,2.96,0.15,42170.00,0.57,0.43
NJ,2013,0.12,1101750.00,1.85,"SNAP, Other Nutrition Programs",1.85,"SNAP, Other Nutrition Programs",0.64,0,0.36,564887000,2.9,0.18,374350.00,0.65,0.35
NM,2013,0.17,360920.00,1.65,SNAP,1.85,Other Nutrition Program,0.71,0.06,0.23,170231000,2.66,0.28,145280.00,0.76,0.24
NY,2013,0.14,2739920.00,2,"SNAP, Other Nutrition Programs",2,"SNAP, Other Nutrition Programs",0.73,0,0.27,1385728000,2.86,0.22,938610.00,0.69,0.31
NC,2013,0.18,1801940.00,2,"SNAP, Other Nutrition Programs",2,"SNAP, Other Nutrition Programs",0.73,0,0.27,870957000,2.73,0.26,595240.00,0.73,0.27
ND,2013,0.08,56430.00,2,"SNAP, Other Nutrition Programs",2,"SNAP, Other Nutrition Programs",0.63,0,0.38,27479000,2.75,0.11,16780.00,0.58,0.42
OH,2013,0.17,1951880.00,1.3,SNAP,1.85,Other Nutrition Program,0.54,0.14,0.33,885586000,2.56,0.24,653410.00,0.69,0.31
OK,2013,0.17,654640.00,1.3,SNAP,1.85,Other Nutrition Program,0.52,0.17,0.31,314445000,2.71,0.26,242990.00,0.69,0.31
OR,2013,0.16,619040.00,1.85,"SNAP, Other Nutrition Programs",1.85,"SNAP, Other Nutrition Programs",0.75,0,0.26,303578000,2.77,0.26,223480.00,0.69,0.31
PA,2013,0.14,1808660.00,1.6,SNAP,1.85,Other Nutrition Program,0.56,0.08,0.36,892571000,2.79,0.2,564440.00,0.67,0.33
RI,2013,0.14,151840.00,1.85,"SNAP, Other Nutrition Programs",1.85,"SNAP, Other Nutrition Programs",0.63,0,0.37,77449000,2.88,0.22,47740.00,0.71,0.29
SC,2013,0.17,814560.00,1.3,SNAP,1.85,Other Nutrition Program,0.57,0.18,0.26,381318000,2.64,0.25,271560.00,0.72,0.28
SD,2013,0.12,105120.00,1.3,SNAP,1.85,Other Nutrition Program,0.51,0.14,0.35,51928000,2.79,0.2,40040.00,0.65,0.35
TN,2013,0.17,1107820.00,1.3,SNAP,1.85,Other Nutrition Program,0.56,0.18,0.26,545632000,2.78,0.25,379780.00,0.74,0.26
TX,2013,0.18,4653290.00,1.65,SNAP,1.85,Other Nutrition Program,0.65,0.06,0.3,2019234000,2.45,0.27,1899310.00,0.7,0.3
UT,2013,0.15,423420.00,1.3,SNAP,1.85,Other Nutrition Program,0.47,0.17,0.36,197059000,2.63,0.2,179130.00,0.6,0.4
VT,2013,0.14,85010.00,1.85,"SNAP, Other Nutrition Programs",1.85,"SNAP, Other Nutrition Programs",0.64,0,0.36,47139000,3.13,0.19,24330.00,0.65,0.35
VA,2013,0.12,982650.00,1.3,SNAP,1.85,Other Nutrition Program,0.49,0.17,0.33,508665000,2.92,0.17,311410.00,0.65,0.35
WA,2013,0.15,1017900.00,2,"SNAP, Other Nutrition Programs",2,"SNAP, Other Nutrition Programs",0.69,0,0.31,509330000,2.83,0.23,366450.00,0.65,0.35
WV,2013,0.16,292500.00,1.3,SNAP,1.85,Other Nutrition Program,0.52,0.14,0.34,133967000,2.59,0.23,89880.00,0.67,0.33
WI,2013,0.12,714000.00,2,"SNAP, Other Nutrition Programs",2,"SNAP, Other Nutrition Programs",0.7,0,0.3,323421000,2.56,0.2,270460.00,0.67,0.33
WY,2013,0.13,74470.00,1.3,SNAP,1.85,Other Nutrition Program,0.41,0.15,0.44,38447000,2.92,0.19,25420.00,0.54,0.46
AL,2014,0.19,911440.00,1.3,SNAP,1.85,Other Nutrition Program,0.53,0.16,0.3,466367000,2.9,0.26,292330.00,0.73,0.27
AK,2014,0.14,105770.00,1.3,SNAP,1.85,Other Nutrition Program,0.45,0.15,0.4,62181000,3.33,0.2,38080.00,0.58,0.42
AZ,2014,0.17,1150650.00,1.85,"SNAP, Other Nutrition Programs",1.85,"SNAP, Other Nutrition Programs",0.67,0,0.33,563767000,2.78,0.27,434840.00,0.68,0.32
AR,2014,0.19,567250.00,1.3,SNAP,1.85,Other Nutrition Program,0.53,0.17,0.3,272668000,2.72,0.26,185660.00,0.72,0.28
CA,2014,0.14,5401770.00,2,"SNAP, Other Nutrition Programs",2,"SNAP, Other Nutrition Programs",0.79,0,0.21,2896128000,3.04,0.23,2099120.00,0.68,0.32
CO,2014,0.13,692840.00,1.3,SNAP,1.85,Other Nutrition Program,0.48,0.16,0.37,372418000,3.04,0.18,226350.00,0.64,0.36
CT,2014,0.13,472540.00,1.85,"SNAP, Other Nutrition Programs",1.85,"SNAP, Other Nutrition Programs",0.56,0,0.44,254876000,3.06,0.18,140290.00,0.62,0.38
DE,2014,0.13,117970.00,2,"SNAP, Other Nutrition Programs",2,"SNAP, Other Nutrition Programs",0.64,0,0.36,62194000,2.99,0.18,36380.00,0.67,0.33
DC,2014,0.14,90900.00,2,"SNAP, Other Nutrition Programs",2,"SNAP, Other Nutrition Programs",0.73,0,0.27,56025000,3.49,0.26,29820.00,0.68,0.32
FL,2014,0.16,3227600.00,2,"SNAP, Other Nutrition Programs",2,"SNAP, Other Nutrition Programs",0.75,0,0.25,1749270000,3.07,0.25,1007870.00,0.7,0.3
GA,2014,0.18,1783450.00,1.3,SNAP,1.85,Other Nutrition Program,0.54,0.16,0.3,895589000,2.84,0.26,650970.00,0.7,0.3
HI,2014,0.14,194610.00,2,"SNAP, Other Nutrition Programs",2,"SNAP, Other Nutrition Programs",0.57,0,0.43,106454000,3.1,0.22,67690.00,0.47,0.53
ID,2014,0.15,241080.00,1.3,SNAP,1.85,Other Nutrition Program,0.49,0.19,0.32,121650000,2.86,0.19,83110.00,0.67,0.33
IL,2014,0.13,1658280.00,1.65,SNAP,1.85,Other Nutrition Program,0.64,0.03,0.33,771485000,2.64,0.2,583000.00,0.67,0.33
IN,2014,0.15,1009710.00,1.3,SNAP,1.85,Other Nutrition Program,0.54,0.14,0.32,456939000,2.56,0.21,335410.00,0.7,0.3
IA,2014,0.12,384830.00,1.6,SNAP,1.85,Other Nutrition Program,0.53,0.05,0.42,177919000,2.62,0.18,129270.00,0.57,0.43
KS,2014,0.14,413560.00,1.3,SNAP,1.85,Other Nutrition Program,0.48,0.15,0.37,202219000,2.77,0.21,153940.00,0.66,0.34
KY,2014,0.17,743310.00,1.3,SNAP,1.85,Other Nutrition Program,0.57,0.13,0.3,346164000,2.64,0.22,222380.00,0.75,0.25
LA,2014,0.17,804500.00,1.3,SNAP,1.85,Other Nutrition Program,0.57,0.13,0.31,399842000,2.82,0.25,272760.00,0.7,0.3
ME,2014,0.15,202910.00,1.85,"SNAP, Other Nutrition Programs",1.85,"SNAP, Other Nutrition Programs",0.61,0,0.39,117204000,3.27,0.23,60010.00,0.64,0.36
MD,2014,0.13,760300.00,2,"SNAP, Other Nutrition Programs",2,"SNAP, Other Nutrition Programs",0.61,0,0.39,395238000,2.94,0.18,247560.00,0.59,0.41
MA,2014,0.11,745470.00,2,"SNAP, Other Nutrition Programs",2,"SNAP, Other Nutrition Programs",0.67,0,0.33,417299000,3.17,0.15,210050.00,0.63,0.37
MI,2014,0.16,1559020.00,2,"SNAP, Other Nutrition Programs",2,"SNAP, Other Nutrition Programs",0.75,0,0.25,744203000,2.7,0.2,437100.00,0.68,0.32
MN,2014,0.1,568770.00,1.65,SNAP,1.85,Other Nutrition Program,0.59,0.03,0.38,288846000,2.88,0.15,195660.00,0.65,0.35
MS,2014,0.22,667040.00,1.3,SNAP,1.85,Other Nutrition Program,0.55,0.15,0.3,338917000,2.88,0.27,200600.00,0.73,0.27
MO,2014,0.17,1019350.00,1.3,SNAP,1.85,Other Nutrition Program,0.5,0.17,0.34,480486000,2.67,0.21,289210.00,0.66,0.34
MT,2014,0.14,139140.00,2,"SNAP, Other Nutrition Programs",2,"SNAP, Other Nutrition Programs",0.7,0,0.3,69518000,2.83,0.2,45110.00,0.63,0.37
NE,2014,0.13,245160.00,1.3,SNAP,1.85,Other Nutrition Program,0.43,0.13,0.43,118963000,2.75,0.2,92230.00,0.61,0.39
NV,2014,0.15,423210.00,2,"SNAP, Other Nutrition Programs",2,"SNAP, Other Nutrition Programs",0.78,0,0.22,216359000,2.9,0.24,161260.00,0.68,0.32
NH,2014,0.11,139730.00,1.85,"SNAP, Other Nutrition Programs",1.85,"SNAP, Other Nutrition Programs",0.51,0,0.49,76411000,3.1,0.16,41350.00,0.55,0.45
NJ,2014,0.12,1051880.00,1.85,"SNAP, Other Nutrition Programs",1.85,"SNAP, Other Nutrition Programs",0.64,0,0.36,552797000,2.98,0.17,338690.00,0.65,0.35
NM,2014,0.17,358770.00,1.65,SNAP,1.85,Other Nutrition Program,0.71,0.04,0.25,175620000,2.77,0.27,136070.00,0.75,0.25
NY,2014,0.14,2672460.00,2,"SNAP, Other Nutrition Programs",2,"SNAP, Other Nutrition Programs",0.75,0,0.25,1400548000,2.97,0.21,884170.00,0.68,0.32
NC,2014,0.18,1764800.00,2,"SNAP, Other Nutrition Programs",2,"SNAP, Other Nutrition Programs",0.74,0,0.26,875736000,2.81,0.25,564240.00,0.72,0.28
ND,2014,0.08,59320.00,2,"SNAP, Other Nutrition Programs",2,"SNAP, Other Nutrition Programs",0.6,0,0.4,30599000,2.92,0.11,19070.00,0.55,0.45
OH,2014,0.17,1943340.00,1.3,SNAP,1.85,Other Nutrition Program,0.52,0.13,0.35,911848000,2.66,0.24,628580.00,0.67,0.33
OK,2014,0.17,652090.00,1.3,SNAP,1.85,Other Nutrition Program,0.5,0.16,0.35,320603000,2.78,0.24,226390.00,0.65,0.35
OR,2014,0.15,605100.00,1.85,"SNAP, Other Nutrition Programs",1.85,"SNAP, Other Nutrition Programs",0.74,0,0.26,303833000,2.84,0.25,210290.00,0.68,0.32
PA,2014,0.14,1760450.00,1.6,SNAP,1.85,Other Nutrition Program,0.58,0.05,0.37,895714000,2.88,0.19,521750.00,0.65,0.35
RI,2014,0.14,147460.00,1.85,"SNAP, Other Nutrition Programs",1.85,"SNAP, Other Nutrition Programs",0.64,0,0.36,76405000,2.93,0.2,43210.00,0.7,0.3
SC,2014,0.16,794590.00,1.3,SNAP,1.85,Other Nutrition Program,0.56,0.16,0.28,393252000,2.8,0.23,253340.00,0.71,0.29
SD,2014,0.12,105880.00,1.3,SNAP,1.85,Other Nutrition Program,0.46,0.13,0.41,54553000,2.92,0.19,39030.00,0.63,0.37
TN,2014,0.17,1103580.00,1.3,SNAP,1.85,Other Nutrition Program,0.56,0.17,0.28,562556000,2.89,0.24,357920.00,0.72,0.28
TX,2014,0.17,4578670.00,1.65,SNAP,1.85,Other Nutrition Program,0.64,0.05,0.32,2045312000,2.53,0.26,1821820.00,0.67,0.33
UT,2014,0.14,416670.00,1.3,SNAP,1.85,Other Nutrition Program,0.44,0.16,0.4,204334000,2.78,0.18,164440.00,0.55,0.45
VT,2014,0.14,84870.00,1.85,"SNAP, Other Nutrition Programs",1.85,"SNAP, Other Nutrition Programs",0.6,0,0.4,49174000,3.28,0.19,23310.00,0.59,0.41
VA,2014,0.12,983880.00,1.3,SNAP,1.85,Other Nutrition Program,0.49,0.17,0.35,523149000,3.01,0.16,299050.00,0.64,0.36
WA,2014,0.14,970150.00,2,"SNAP, Other Nutrition Programs",2,"SNAP, Other Nutrition Programs",0.69,0,0.31,497509000,2.9,0.21,337320.00,0.61,0.39
WV,2014,0.15,282900.00,1.3,SNAP,1.85,Other Nutrition Program,0.51,0.14,0.35,133864000,2.68,0.22,82220.00,0.68,0.32
WI,2014,0.12,687370.00,2,"SNAP, Other Nutrition Programs",2,"SNAP, Other Nutrition Programs",0.71,0,0.29,322748000,2.66,0.19,248570.00,0.64,0.36
WY,2014,0.13,73400.00,1.3,SNAP,1.85,Other Nutrition Program,0.43,0.14,0.43,39387000,3.04,0.17,23130.00,0.57,0.43
AL,2015,0.18,859380.00,1.3,SNAP,1.85,Other Nutrition Program,0.54,0.18,0.28,450670000,2.92,0.24,267040.00,0.73,0.27
AK,2015,0.14,102670.00,1.3,SNAP,1.85,Other Nutrition Program,0.44,0.18,0.39,62743000,3.41,0.2,36560.00,0.61,0.39
AZ,2015,0.16,1078190.00,1.85,"SNAP, Other Nutrition Programs",1.85,"SNAP, Other Nutrition Programs",0.69,0,0.31,543084000,2.81,0.24,389850.00,0.69,0.31
AR,2015,0.18,549070.00,1.3,SNAP,1.85,Other Nutrition Program,0.56,0.17,0.27,267757000,2.72,0.25,176710.00,0.72,0.28
CA,2015,0.13,4885220.00,2,"SNAP, Other Nutrition Programs",2,"SNAP, Other Nutrition Programs",0.77,0,0.23,2750484000,3.14,0.21,1890050.00,0.68,0.32
CO,2015,0.12,665220.00,1.3,SNAP,1.85,Other Nutrition Program,0.47,0.17,0.36,368403000,3.09,0.17,207650.00,0.63,0.37
CT,2015,0.12,437530.00,1.85,"SNAP, Other Nutrition Programs",1.85,"SNAP, Other Nutrition Programs",0.58,0,0.42,244830000,3.12,0.17,127400.00,0.6,0.4
DE,2015,0.12,114060.00,2,"SNAP, Other Nutrition Programs",2,"SNAP, Other Nutrition Programs",0.67,0,0.33,62102000,3.04,0.17,35310.00,0.7,0.3
DC,2015,0.13,84540.00,2,"SNAP, Other Nutrition Programs",2,"SNAP, Other Nutrition Programs",0.74,0,0.26,54660000,3.61,0.24,27800.00,0.72,0.28
FL,2015,0.15,3056280.00,2,"SNAP, Other Nutrition Programs",2,"SNAP, Other Nutrition Programs",0.73,0,0.27,1702052000,3.11,0.23,930730.00,0.71,0.29
GA,2015,0.16,1659710.00,1.3,SNAP,1.85,Other Nutrition Program,0.54,0.19,0.27,858223000,2.88,0.23,580830.00,0.71,0.29
HI,2015,0.13,182600.00,2,"SNAP, Other Nutrition Programs",2,"SNAP, Other Nutrition Programs",0.54,0,0.46,105633000,3.23,0.2,62600.00,0.44,0.56
ID,2015,0.14,232180.00,1.3,SNAP,1.85,Other Nutrition Program,0.48,0.23,0.29,121760000,2.92,0.18,76070.00,0.67,0.33
IL,2015,0.12,1506060.00,1.65,SNAP,1.85,Other Nutrition Program,0.64,0.06,0.31,735098000,2.72,0.17,513270.00,0.68,0.32
IN,2015,0.14,950720.00,1.3,SNAP,1.85,Other Nutrition Program,0.54,0.17,0.29,445335000,2.61,0.19,301990.00,0.72,0.28
IA,2015,0.12,376240.00,1.6,SNAP,1.85,Other Nutrition Program,0.54,0.08,0.38,179954000,2.67,0.17,121550.00,0.6,0.4
KS,2015,0.13,385000.00,1.3,SNAP,1.85,Other Nutrition Program,0.48,0.17,0.35,195772000,2.84,0.19,138480.00,0.65,0.35
KY,2015,0.16,699590.00,1.3,SNAP,1.85,Other Nutrition Program,0.58,0.15,0.27,334999000,2.67,0.2,202050.00,0.74,0.26
LA,2015,0.17,789330.00,1.3,SNAP,1.85,Other Nutrition Program,0.58,0.15,0.27,397791000,2.81,0.23,261230.00,0.72,0.28
ME,2015,0.15,196210.00,1.85,"SNAP, Other Nutrition Programs",1.85,"SNAP, Other Nutrition Programs",0.63,0,0.37,116402000,3.31,0.21,54830.00,0.64,0.36
MD,2015,0.11,682280.00,2,"SNAP, Other Nutrition Programs",2,"SNAP, Other Nutrition Programs",0.62,0,0.38,370097000,3.03,0.16,220010.00,0.59,0.41
MA,2015,0.1,701630.00,2,"SNAP, Other Nutrition Programs",2,"SNAP, Other Nutrition Programs",0.67,0,0.33,408919000,3.25,0.14,187290.00,0.68,0.32
MI,2015,0.15,1493790.00,2,"SNAP, Other Nutrition Programs",2,"SNAP, Other Nutrition Programs",0.74,0,0.26,739172000,2.76,0.18,397070.00,0.7,0.3
MN,2015,0.1,540820.00,1.65,SNAP,1.85,Other Nutrition Program,0.6,0.06,0.34,282661000,2.91,0.14,177080.00,0.7,0.3
MS,2015,0.22,643390.00,1.3,SNAP,1.85,Other Nutrition Program,0.58,0.17,0.25,332456000,2.88,0.26,191750.00,0.75,0.25
MO,2015,0.16,947900.00,1.3,SNAP,1.85,Other Nutrition Program,0.5,0.19,0.31,464284000,2.73,0.19,258610.00,0.66,0.34
MT,2015,0.13,133810.00,2,"SNAP, Other Nutrition Programs",2,"SNAP, Other Nutrition Programs",0.67,0,0.33,68716000,2.86,0.19,42480.00,0.6,0.4
NE,2015,0.12,233350.00,1.3,SNAP,1.85,Other Nutrition Program,0.45,0.16,0.39,115937000,2.77,0.18,85970.00,0.61,0.39
NV,2015,0.14,394910.00,2,"SNAP, Other Nutrition Programs",2,"SNAP, Other Nutrition Programs",0.75,0,0.25,210694000,2.98,0.22,149460.00,0.66,0.34
NH,2015,0.1,128910.00,1.85,"SNAP, Other Nutrition Programs",1.85,"SNAP, Other Nutrition Programs",0.5,0,0.5,73100000,3.16,0.13,33940.00,0.51,0.49
NJ,2015,0.11,971920.00,1.85,"SNAP, Other Nutrition Programs",1.85,"SNAP, Other Nutrition Programs",0.69,0,0.31,530406000,3.04,0.15,298010.00,0.68,0.32
NM,2015,0.16,332610.00,1.65,SNAP,1.85,Other Nutrition Program,0.71,0.06,0.23,166502000,2.79,0.25,124980.00,0.73,0.27
NY,2015,0.13,2502250.00,2,"SNAP, Other Nutrition Programs",2,"SNAP, Other Nutrition Programs",0.74,0,0.26,1371215000,3.06,0.19,819460.00,0.67,0.33
NC,2015,0.17,1659050.00,2,"SNAP, Other Nutrition Programs",2,"SNAP, Other Nutrition Programs",0.75,0,0.25,844234000,2.84,0.23,516120.00,0.73,0.27
ND,2015,0.08,58030.00,2,"SNAP, Other Nutrition Programs",2,"SNAP, Other Nutrition Programs",0.6,0,0.4,30625000,2.94,0.09,16130.00,0.54,0.46
OH,2015,0.16,1852870.00,1.3,SNAP,1.85,Other Nutrition Program,0.52,0.16,0.32,903221000,2.72,0.22,575020.00,0.67,0.33
OK,2015,0.16,632030.00,1.3,SNAP,1.85,Other Nutrition Program,0.51,0.18,0.31,320046000,2.82,0.23,216980.00,0.66,0.34
OR,2015,0.14,572790.00,1.85,"SNAP, Other Nutrition Programs",1.85,"SNAP, Other Nutrition Programs",0.74,0,0.26,298910000,2.91,0.23,194070.00,0.65,0.35
PA,2015,0.13,1674420.00,1.6,SNAP,1.85,Other Nutrition Program,0.57,0.08,0.35,880598000,2.93,0.18,482130.00,0.67,0.33
RI,2015,0.13,132090.00,1.85,"SNAP, Other Nutrition Programs",1.85,"SNAP, Other Nutrition Programs",0.68,0,0.32,71928000,3.04,0.18,38430.00,0.71,0.29
SC,2015,0.15,746810.00,1.3,SNAP,1.85,Other Nutrition Program,0.55,0.19,0.26,378951000,2.83,0.21,225550.00,0.69,0.31
SD,2015,0.12,104140.00,1.3,SNAP,1.85,Other Nutrition Program,0.49,0.15,0.37,54897000,2.94,0.18,37670.00,0.64,0.36
TN,2015,0.15,1016420.00,1.3,SNAP,1.85,Other Nutrition Program,0.56,0.19,0.25,535957000,2.94,0.21,315370.00,0.73,0.27
TX,2015,0.16,4320050.00,1.65,SNAP,1.85,Other Nutrition Program,0.63,0.06,0.31,2007143000,2.59,0.24,1713430.00,0.66,0.34
UT,2015,0.13,391610.00,1.3,SNAP,1.85,Other Nutrition Program,0.44,0.19,0.37,195913000,2.79,0.16,149790.00,0.57,0.43
VT,2015,0.12,74600.00,1.85,"SNAP, Other Nutrition Programs",1.85,"SNAP, Other Nutrition Programs",0.65,0,0.35,45311000,3.39,0.16,18820.00,0.62,0.38
VA,2015,0.11,935480.00,1.3,SNAP,1.85,Other Nutrition Program,0.49,0.19,0.33,508587000,3.03,0.14,268670.00,0.64,0.36
WA,2015,0.13,915550.00,2,"SNAP, Other Nutrition Programs",2,"SNAP, Other Nutrition Programs",0.69,0,0.31,489610000,2.98,0.19,306560.00,0.64,0.36
WV,2015,0.15,275280.00,1.3,SNAP,1.85,Other Nutrition Program,0.53,0.17,0.3,132485000,2.68,0.21,79050.00,0.68,0.32
WI,2015,0.11,633170.00,2,"SNAP, Other Nutrition Programs",2,"SNAP, Other Nutrition Programs",0.7,0,0.3,307507000,2.71,0.17,219280.00,0.65,0.35
WY,2015,0.12,72260.00,1.3,SNAP,1.85,Other Nutrition Program,0.42,0.17,0.41,38980000,3.01,0.17,23550.00,0.56,0.44
AL,2016,0.17,800620.00,1.3,SNAP,1.85,Other Nutrition Program,0.53,0.16,0.31,406639000,2.97,0.23,247140.00,0.71,0.29
AK,2016,0.13,99650.00,1.3,SNAP,1.85,Other Nutrition Program,0.43,0.15,0.42,58525000,3.44,0.19,34800.00,0.58,0.42
AZ,2016,0.15,1033590.00,1.85,"SNAP, Other Nutrition Programs",1.85,"SNAP, Other Nutrition Programs",0.67,0,0.33,506275000,2.87,0.23,370960.00,0.68,0.32
AR,2016,0.17,515270.00,1.3,SNAP,1.85,Other Nutrition Program,0.54,0.16,0.3,246776000,2.8,0.23,163800.00,0.72,0.28
CA,2016,0.12,4574710.00,2,"SNAP, Other Nutrition Programs",2,"SNAP, Other Nutrition Programs",0.77,0,0.23,2473458000,3.16,0.19,1731270.00,0.67,0.33
CO,2016,0.11,627480.00,1.3,SNAP,1.85,Other Nutrition Program,0.47,0.15,0.38,342520000,3.19,0.15,190780.00,0.61,0.39
CT,2016,0.12,414730.00,1.85,"SNAP, Other Nutrition Programs",1.85,"SNAP, Other Nutrition Programs",0.57,0,0.43,226249000,3.19,0.16,117380.00,0.63,0.37
DE,2016,0.12,114370.00,2,"SNAP, Other Nutrition Programs",2,"SNAP, Other Nutrition Programs",0.64,0,0.36,60902000,3.12,0.17,34240.00,0.64,0.36
DC,2016,0.12,84380.00,2,"SNAP, Other Nutrition Programs",2,"SNAP, Other Nutrition Programs",0.72,0,0.28,52881000,3.67,0.22,26800.00,0.69,0.31
FL,2016,0.14,2871650.00,2,"SNAP, Other Nutrition Programs",2,"SNAP, Other Nutrition Programs",0.72,0,0.28,1557049000,3.17,0.21,857150.00,0.69,0.31
GA,2016,0.15,1561360.00,1.3,SNAP,1.85,Other Nutrition Program,0.53,0.15,0.32,781043000,2.93,0.21,523470.00,0.69,0.31
HI,2016,0.12,168030.00,2,"SNAP, Other Nutrition Programs",2,"SNAP, Other Nutrition Programs",0.56,0,0.45,93916000,3.27,0.18,54650.00,0.46,0.54
ID,2016,0.13,221800.00,1.3,SNAP,1.85,Other Nutrition Program,0.49,0.17,0.34,111122000,2.93,0.17,72840.00,0.68,0.32
IL,2016,0.11,1413420.00,1.65,SNAP,1.85,Other Nutrition Program,0.65,0.06,0.3,669207000,2.77,0.16,459330.00,0.68,0.32
IN,2016,0.14,910870.00,1.3,SNAP,1.85,Other Nutrition Program,0.54,0.15,0.31,408203000,2.62,0.18,279840.00,0.71,0.29
IA,2016,0.12,360540.00,1.6,SNAP,1.85,Other Nutrition Program,0.53,0.04,0.43,167753000,2.72,0.16,115890.00,0.57,0.43
KS,2016,0.13,375360.00,1.3,SNAP,1.85,Other Nutrition Program,0.47,0.16,0.37,185071000,2.89,0.18,131130.00,0.66,0.34
KY,2016,0.16,685830.00,1.3,SNAP,1.85,Other Nutrition Program,0.59,0.11,0.3,316518000,2.7,0.19,194440.00,0.74,0.26
LA,2016,0.17,783400.00,1.3,SNAP,1.85,Other Nutrition Program,0.59,0.11,0.3,387408000,2.89,0.23,258630.00,0.69,0.31
ME,2016,0.14,183310.00,1.85,"SNAP, Other Nutrition Programs",1.85,"SNAP, Other Nutrition Programs",0.6,0,0.4,108086000,3.45,0.2,50520.00,0.64,0.36
MD,2016,0.11,665420.00,2,"SNAP, Other Nutrition Programs",2,"SNAP, Other Nutrition Programs",0.61,0,0.39,352619000,3.1,0.15,205890.00,0.58,0.42
MA,2016,0.1,652760.00,2,"SNAP, Other Nutrition Programs",2,"SNAP, Other Nutrition Programs",0.65,0,0.35,376759000,3.38,0.12,167450.00,0.65,0.35
MI,2016,0.14,1414700.00,2,"SNAP, Other Nutrition Programs",2,"SNAP, Other Nutrition Programs",0.73,0,0.27,678813000,2.81,0.16,356930.00,0.69,0.31
MN,2016,0.09,508630.00,1.65,SNAP,1.85,Other Nutrition Program,0.61,0.02,0.37,258531000,2.97,0.13,163070.00,0.7,0.3
MS,2016,0.2,600840.00,1.3,SNAP,1.85,Other Nutrition Program,0.56,0.14,0.3,304654000,2.97,0.24,176580.00,0.71,0.29
MO,2016,0.15,896570.00,1.3,SNAP,1.85,Other Nutrition Program,0.5,0.16,0.34,429074000,2.8,0.17,241830.00,0.66,0.34
MT,2016,0.12,128740.00,2,"SNAP, Other Nutrition Programs",2,"SNAP, Other Nutrition Programs",0.68,0,0.32,64053000,2.91,0.17,38810.00,0.63,0.37
NE,2016,0.12,227350.00,1.3,SNAP,1.85,Other Nutrition Program,0.44,0.12,0.44,109894000,2.83,0.17,82070.00,0.6,0.4
NV,2016,0.13,372820.00,2,"SNAP, Other Nutrition Programs",2,"SNAP, Other Nutrition Programs",0.76,0,0.24,191725000,3.01,0.21,138880.00,0.63,0.37
NH,2016,0.09,119770.00,1.85,"SNAP, Other Nutrition Programs",1.85,"SNAP, Other Nutrition Programs",0.49,0,0.51,66449000,3.25,0.11,29740.00,0.53,0.47
NJ,2016,0.1,919030.00,1.85,"SNAP, Other Nutrition Programs",1.85,"SNAP, Other Nutrition Programs",0.67,0,0.33,495839000,3.16,0.14,268080.00,0.7,0.3
NM,2016,0.16,327930.00,1.65,SNAP,1.85,Other Nutrition Program,0.73,0.02,0.25,160282000,2.86,0.26,125210.00,0.74,0.26
NY,2016,0.12,2352940.00,2,"SNAP, Other Nutrition Programs",2,"SNAP, Other Nutrition Programs",0.74,0,0.26,1242696000,3.09,0.18,750000.00,0.67,0.33
NC,2016,0.15,1565910.00,2,"SNAP, Other Nutrition Programs",2,"SNAP, Other Nutrition Programs",0.72,0,0.28,770900000,2.88,0.21,479220.00,0.71,0.29
ND,2016,0.07,55710.00,2,"SNAP, Other Nutrition Programs",2,"SNAP, Other Nutrition Programs",0.63,0,0.37,29141000,3.06,0.09,16440.00,0.58,0.42
OH,2016,0.15,1758310.00,1.3,SNAP,1.85,Other Nutrition Program,0.53,0.12,0.36,829430000,2.76,0.2,528960.00,0.66,0.34
OK,2016,0.16,635740.00,1.3,SNAP,1.85,Other Nutrition Program,0.52,0.15,0.33,313377000,2.88,0.23,218770.00,0.66,0.34
OR,2016,0.13,527370.00,1.85,"SNAP, Other Nutrition Programs",1.85,"SNAP, Other Nutrition Programs",0.7,0,0.3,264279000,2.93,0.2,173780.00,0.63,0.37
PA,2016,0.13,1599520.00,1.6,SNAP,1.85,Other Nutrition Program,0.59,0.04,0.37,821658000,3.01,0.17,452690.00,0.66,0.34
RI,2016,0.12,128330.00,1.85,"SNAP, Other Nutrition Programs",1.85,"SNAP, Other Nutrition Programs",0.66,0,0.35,68489000,3.12,0.17,36230.00,0.74,0.26
SC,2016,0.14,687880.00,1.3,SNAP,1.85,Other Nutrition Program,0.55,0.16,0.3,335759000,2.86,0.19,207840.00,0.67,0.33
SD,2016,0.12,100990.00,1.3,SNAP,1.85,Other Nutrition Program,0.47,0.13,0.4,51929000,3.01,0.17,35360.00,0.63,0.37
TN,2016,0.15,967430.00,1.3,SNAP,1.85,Other Nutrition Program,0.55,0.16,0.28,496487000,3,0.2,295570.00,0.71,0.29
TX,2016,0.15,4277540.00,1.65,SNAP,1.85,Other Nutrition Program,0.64,0.03,0.33,1953920000,2.67,0.23,1676740.00,0.66,0.34
UT,2016,0.13,382490.00,1.3,SNAP,1.85,Other Nutrition Program,0.44,0.14,0.42,184235000,2.82,0.15,142320.00,0.53,0.47
VT,2016,0.12,75360.00,1.85,"SNAP, Other Nutrition Programs",1.85,"SNAP, Other Nutrition Programs",0.59,0,0.41,43688000,3.39,0.16,18620.00,0.58,0.42
VA,2016,0.11,893720.00,1.3,SNAP,1.85,Other Nutrition Program,0.49,0.14,0.37,468094000,3.07,0.13,249170.00,0.64,0.36
WA,2016,0.12,872720.00,2,"SNAP, Other Nutrition Programs",2,"SNAP, Other Nutrition Programs",0.67,0,0.33,448899000,3.01,0.18,284480.00,0.61,0.39
WV,2016,0.15,267280.00,1.3,SNAP,1.85,Other Nutrition Program,0.54,0.13,0.33,126636000,2.77,0.2,75970.00,0.72,0.28
WI,2016,0.11,609360.00,2,"SNAP, Other Nutrition Programs",2,"SNAP, Other Nutrition Programs",0.69,0,0.31,290129000,2.79,0.16,205660.00,0.64,0.36
WY,2016,0.13,73830.00,1.3,SNAP,1.85,Other Nutrition Program,0.42,0.16,0.43,38653000,3.06,0.17,23500.00,0.56,0.44
AL,2017,0.16,795760.00,1.3,SNAP,1.85,Other Nutrition Program,0.52,0.16,0.32,404180000,2.98,0.22,243880.00,0.72,0.28
AK,2017,0.14,100310.00,1.3,SNAP,1.85,Other Nutrition Program,0.45,0.15,0.4,57721000,3.37,0.19,34690.00,0.59,0.41
AZ,2017,0.14,979170.00,1.85,"SNAP, Other Nutrition Programs",1.85,"SNAP, Other Nutrition Programs",0.65,0,0.35,482358000,2.89,0.21,348550.00,0.67,0.33
AR,2017,0.17,518960.00,1.3,SNAP,1.85,Other Nutrition Program,0.51,0.17,0.32,246939000,2.79,0.24,167440.00,0.7,0.3
CA,2017,0.11,4354400.00,2,"SNAP, Other Nutrition Programs",2,"SNAP, Other Nutrition Programs",0.75,0,0.25,2381146000,3.2,0.18,1638430.00,0.63,0.37
CO,2017,0.11,596150.00,2,"SNAP, Other Nutrition Programs",2,"SNAP, Other Nutrition Programs",0.65,0,0.35,329732000,3.24,0.14,177360.00,0.59,0.41
CT,2017,0.11,406810.00,1.85,"SNAP, Other Nutrition Programs",1.85,"SNAP, Other Nutrition Programs",0.56,0,0.44,227321000,3.27,0.16,115240.00,0.63,0.37
DE,2017,0.12,117320.00,2,"SNAP, Other Nutrition Programs",2,"SNAP, Other Nutrition Programs",0.66,0,0.34,62450000,3.12,0.17,34750.00,0.69,0.31
DC,2017,0.11,76550.00,2,"SNAP, Other Nutrition Programs",2,"SNAP, Other Nutrition Programs",0.72,0,0.28,51543000,3.95,0.21,26450.00,0.71,0.29
FL,2017,0.13,2806770.00,2,"SNAP, Other Nutrition Programs",2,"SNAP, Other Nutrition Programs",0.72,0,0.28,1540091000,3.22,0.2,854880.00,0.68,0.32
GA,2017,0.14,1501680.00,1.3,SNAP,1.85,Other Nutrition Program,0.51,0.16,0.33,749671000,2.93,0.2,503370.00,0.68,0.32
HI,2017,0.11,161270.00,2,"SNAP, Other Nutrition Programs",2,"SNAP, Other Nutrition Programs",0.52,0,0.48,90737000,3.3,0.18,53540.00,0.43,0.57
ID,2017,0.12,210420.00,1.3,SNAP,1.85,Other Nutrition Program,0.46,0.18,0.36,105626000,2.94,0.16,69920.00,0.65,0.35
IL,2017,0.11,1395970.00,1.65,SNAP,1.85,Other Nutrition Program,0.63,0.03,0.35,668124000,2.8,0.16,453260.00,0.66,0.34
IN,2017,0.13,887070.00,1.3,SNAP,1.85,Other Nutrition Program,0.52,0.14,0.34,396443000,2.62,0.17,273380.00,0.67,0.33
IA,2017,0.11,341890.00,1.6,SNAP,1.85,Other Nutrition Program,0.52,0.05,0.43,157367000,2.7,0.15,111520.00,0.58,0.42
KS,2017,0.13,370860.00,1.3,SNAP,1.85,Other Nutrition Program,0.45,0.15,0.4,181199000,2.86,0.18,130210.00,0.63,0.37
KY,2017,0.15,662360.00,1.3,SNAP,1.85,Other Nutrition Program,0.56,0.11,0.33,300483000,2.66,0.18,186660.00,0.7,0.3
LA,2017,0.17,773850.00,1.3,SNAP,1.85,Other Nutrition Program,0.59,0.12,0.29,396905000,3.01,0.23,255640.00,0.71,0.29
ME,2017,0.13,172650.00,1.85,"SNAP, Other Nutrition Programs",1.85,"SNAP, Other Nutrition Programs",0.57,0,0.43,103223000,3.5,0.19,47020.00,0.56,0.44
MD,2017,0.11,650200.00,2,"SNAP, Other Nutrition Programs",2,"SNAP, Other Nutrition Programs",0.63,0,0.37,347927000,3.14,0.15,204660.00,0.61,0.39
MA,2017,0.09,616090.00,2,"SNAP, Other Nutrition Programs",2,"SNAP, Other Nutrition Programs",0.67,0,0.33,373245000,3.55,0.12,159950.00,0.65,0.35
MI,2017,0.14,1369250.00,2,"SNAP, Other Nutrition Programs",2,"SNAP, Other Nutrition Programs",0.72,0,0.28,652838000,2.79,0.16,345130.00,0.68,0.32
MN,2017,0.09,504760.00,1.65,SNAP,1.85,Other Nutrition Program,0.57,0.03,0.4,258233000,3,0.13,163310.00,0.67,0.33
MS,2017,0.19,573610.00,1.3,SNAP,1.85,Other Nutrition Program,0.54,0.14,0.32,286997000,2.93,0.23,163530.00,0.71,0.29
MO,2017,0.14,865400.00,1.3,SNAP,1.85,Other Nutrition Program,0.49,0.15,0.36,409933000,2.78,0.18,243110.00,0.65,0.35
MT,2017,0.11,116120.00,2,"SNAP, Other Nutrition Programs",2,"SNAP, Other Nutrition Programs",0.66,0,0.34,58669000,2.96,0.16,36910.00,0.57,0.43
NE,2017,0.12,223170.00,1.3,SNAP,1.85,Other Nutrition Program,0.42,0.14,0.43,107760000,2.83,0.17,82370.00,0.63,0.37
NV,2017,0.12,365160.00,2,"SNAP, Other Nutrition Programs",2,"SNAP, Other Nutrition Programs",0.72,0,0.28,190010000,3.05,0.2,136800.00,0.6,0.4
NH,2017,0.09,122860.00,1.85,"SNAP, Other Nutrition Programs",1.85,"SNAP, Other Nutrition Programs",0.48,0,0.52,69502000,3.31,0.12,31640.00,0.53,0.47
NJ,2017,0.1,865900.00,1.85,"SNAP, Other Nutrition Programs",1.85,"SNAP, Other Nutrition Programs",0.65,0,0.35,478385000,3.24,0.13,260340.00,0.67,0.33
NM,2017,0.16,324000.00,1.65,SNAP,1.85,Other Nutrition Program,0.7,0.03,0.27,158536000,2.87,0.24,118030.00,0.73,0.27
NY,2017,0.11,2261250.00,2,"SNAP, Other Nutrition Programs",2,"SNAP, Other Nutrition Programs",0.75,0,0.25,1210704000,3.14,0.18,732300.00,0.66,0.34
NC,2017,0.15,1503050.00,2,"SNAP, Other Nutrition Programs",2,"SNAP, Other Nutrition Programs",0.7,0,0.3,735321000,2.87,0.2,461630.00,0.67,0.33
ND,2017,0.07,54930.00,2,"SNAP, Other Nutrition Programs",2,"SNAP, Other Nutrition Programs",0.62,0,0.38,28813000,3.07,0.1,16900.00,0.55,0.45
OH,2017,0.15,1691910.00,1.3,SNAP,1.85,Other Nutrition Program,0.51,0.13,0.37,797169000,2.76,0.2,510030.00,0.66,0.34
OK,2017,0.16,621370.00,1.3,SNAP,1.85,Other Nutrition Program,0.49,0.16,0.35,304698000,2.87,0.22,213720.00,0.64,0.36
OR,2017,0.12,510080.00,1.85,"SNAP, Other Nutrition Programs",1.85,"SNAP, Other Nutrition Programs",0.68,0,0.32,258439000,2.97,0.19,165290.00,0.63,0.37
PA,2017,0.12,1534710.00,1.6,SNAP,1.85,Other Nutrition Program,0.57,0.03,0.4,797438000,3.04,0.16,437340.00,0.63,0.37
RI,2017,0.11,120590.00,1.85,"SNAP, Other Nutrition Programs",1.85,"SNAP, Other Nutrition Programs",0.62,0,0.39,66402000,3.23,0.17,35760.00,0.63,0.37
SC,2017,0.14,679990.00,1.3,SNAP,1.85,Other Nutrition Program,0.55,0.15,0.3,324978000,2.8,0.18,202110.00,0.68,0.32
SD,2017,0.11,99190.00,1.3,SNAP,1.85,Other Nutrition Program,0.46,0.12,0.43,51050000,3.02,0.16,34970.00,0.58,0.42
TN,2017,0.14,934310.00,1.3,SNAP,1.85,Other Nutrition Program,0.54,0.15,0.31,472085000,2.96,0.19,285770.00,0.69,0.31
TX,2017,0.15,4217470.00,1.65,SNAP,1.85,Other Nutrition Program,0.61,0.03,0.35,1949246000,2.71,0.23,1658680.00,0.63,0.37
UT,2017,0.12,373850.00,1.3,SNAP,1.85,Other Nutrition Program,0.4,0.14,0.46,179279000,2.81,0.15,135940.00,0.51,0.49
VT,2017,0.12,74520.00,1.85,"SNAP, Other Nutrition Programs",1.85,"SNAP, Other Nutrition Programs",0.6,0,0.4,42994000,3.38,0.16,18760.00,0.61,0.39
VA,2017,0.1,863390.00,1.3,SNAP,1.85,Other Nutrition Program,0.48,0.14,0.38,446691000,3.03,0.13,247470.00,0.62,0.38
WA,2017,0.12,848990.00,2,"SNAP, Other Nutrition Programs",2,"SNAP, Other Nutrition Programs",0.65,0,0.35,440879000,3.04,0.17,284760.00,0.57,0.43
WV,2017,0.15,268070.00,2,"SNAP, Other Nutrition Programs",2,"SNAP, Other Nutrition Programs",0.69,0,0.31,123886000,2.71,0.21,76970.00,0.65,0.35
WI,2017,0.1,578480.00,2,"SNAP, Other Nutrition Programs",2,"SNAP, Other Nutrition Programs",0.69,0,0.31,273911000,2.77,0.15,197290.00,0.62,0.38
WY,2017,0.12,71060.00,1.3,SNAP,1.85,Other Nutrition Program,0.4,0.14,0.46,36970000,3.05,0.17,23960.00,0.54,0.46
AL,2018,0.17,829220.00,1.3,SNAP,1.85,Other Nutrition Program,0.51,0.16,0.33,423745000,3.02,0.23,251800.00,0.76,0.24
AK,2018,0.13,95190.00,1.3,SNAP,1.85,Other Nutrition Program,0.47,0.15,0.38,57930000,3.6,0.18,33200.00,0.65,0.35
AZ,2018,0.13,937300.00,1.85,"SNAP, Other Nutrition Programs",1.85,"SNAP, Other Nutrition Programs",0.68,0,0.32,465259000,2.93,0.19,311390.00,0.69,0.31
AR,2018,0.17,521490.00,1.3,SNAP,1.85,Other Nutrition Program,0.53,0.15,0.32,244364000,2.77,0.23,162270.00,0.75,0.25
CA,2018,0.11,4291830.00,2,"SNAP, Other Nutrition Programs",2,"SNAP, Other Nutrition Programs",0.76,0,0.24,2385968000,3.28,0.15,1362340.00,0.71,0.29
CO,2018,0.1,566490.00,2,"SNAP, Other Nutrition Programs",2,"SNAP, Other Nutrition Programs",0.66,0,0.34,315489000,3.29,0.12,155120.00,0.7,0.3
CT,2018,0.12,426620.00,1.85,"SNAP, Other Nutrition Programs",1.85,"SNAP, Other Nutrition Programs",0.57,0,0.43,244114000,3.38,0.16,117660.00,0.64,0.36
DE,2018,0.13,121850.00,2,"SNAP, Other Nutrition Programs",2,"SNAP, Other Nutrition Programs",0.64,0,0.36,65663000,3.18,0.19,38680.00,0.69,0.31
DC,2018,0.12,81400.00,2,"SNAP, Other Nutrition Programs",2,"SNAP, Other Nutrition Programs",0.7,0,0.3,56189000,4.08,0.19,24280.00,0.74,0.26
FL,2018,0.13,2768480.00,2,"SNAP, Other Nutrition Programs",2,"SNAP, Other Nutrition Programs",0.72,0,0.28,1540830000,3.29,0.19,819370.00,0.65,0.35
GA,2018,0.13,1318500.00,1.3,SNAP,1.85,Other Nutrition Program,0.48,0.16,0.36,667166000,2.99,0.16,405380.00,0.68,0.32
HI,2018,0.11,159040.00,2,"SNAP, Other Nutrition Programs",2,"SNAP, Other Nutrition Programs",0.53,0,0.47,91220000,3.39,0.18,55710.00,0.49,0.51
ID,2018,0.11,189970.00,1.3,SNAP,1.85,Other Nutrition Program,0.49,0.19,0.32,97790000,3.04,0.13,56120.00,0.73,0.27
IL,2018,0.1,1283550.00,1.65,SNAP,1.85,Other Nutrition Program,0.61,0.12,0.27,630473000,2.9,0.13,363900.00,0.7,0.3
IN,2018,0.13,883260.00,1.3,SNAP,1.85,Other Nutrition Program,0.52,0.16,0.32,400962000,2.68,0.18,274080.00,0.72,0.28
IA,2018,0.1,305100.00,1.6,SNAP,1.85,Other Nutrition Program,0.53,0.05,0.42,144058000,2.79,0.14,102190.00,0.63,0.37
KS,2018,0.13,368770.00,1.3,SNAP,1.85,Other Nutrition Program,0.43,0.17,0.4,181639000,2.91,0.18,129780.00,0.63,0.37
KY,2018,0.15,662660.00,1.3,SNAP,1.85,Other Nutrition Program,0.54,0.13,0.33,300629000,2.68,0.19,190600.00,0.7,0.3
LA,2018,0.16,751920.00,1.3,SNAP,1.85,Other Nutrition Program,0.58,0.11,0.31,387680000,3.05,0.25,269650.00,0.73,0.27
ME,2018,0.13,173080.00,1.85,"SNAP, Other Nutrition Programs",1.85,"SNAP, Other Nutrition Programs",0.61,0,0.39,105835000,3.61,0.19,47460.00,0.63,0.37
MD,2018,0.11,667110.00,2,"SNAP, Other Nutrition Programs",2,"SNAP, Other Nutrition Programs",0.62,0,0.38,361501000,3.2,0.16,216070.00,0.6,0.4
MA,2018,0.09,617380.00,2,"SNAP, Other Nutrition Programs",2,"SNAP, Other Nutrition Programs",0.68,0,0.32,379733000,3.63,0.1,138760.00,0.73,0.27
MI,2018,0.14,1359650.00,2,"SNAP, Other Nutrition Programs",2,"SNAP, Other Nutrition Programs",0.69,0,0.31,653547000,2.84,0.15,318960.00,0.7,0.3
MN,2018,0.08,461200.00,1.65,SNAP,1.85,Other Nutrition Program,0.59,0.09,0.31,240696000,3.08,0.12,161880.00,0.74,0.26
MS,2018,0.19,559350.00,1.3,SNAP,1.85,Other Nutrition Program,0.53,0.12,0.35,274731000,2.9,0.23,162150.00,0.73,0.27
MO,2018,0.13,813840.00,1.3,SNAP,1.85,Other Nutrition Program,0.48,0.13,0.4,395122000,2.87,0.15,209870.00,0.67,0.33
MT,2018,0.1,109150.00,2,"SNAP, Other Nutrition Programs",2,"SNAP, Other Nutrition Programs",0.69,0,0.32,55846000,3.02,0.16,36560.00,0.68,0.32
NE,2018,0.12,237440.00,1.3,SNAP,1.85,Other Nutrition Program,0.44,0.14,0.42,114880000,2.86,0.17,79310.00,0.64,0.36
NV,2018,0.13,388420.00,2,"SNAP, Other Nutrition Programs",2,"SNAP, Other Nutrition Programs",0.72,0,0.28,207140000,3.15,0.2,134350.00,0.65,0.35
NH,2018,0.09,125590.00,1.85,"SNAP, Other Nutrition Programs",1.85,"SNAP, Other Nutrition Programs",0.49,0,0.51,72230000,3.4,0.13,34280.00,0.57,0.43
NJ,2018,0.09,774860.00,1.85,"SNAP, Other Nutrition Programs",1.85,"SNAP, Other Nutrition Programs",0.67,0,0.33,437705000,3.34,0.11,219760.00,0.73,0.27
NM,2018,0.15,315990.00,1.65,SNAP,1.85,Other Nutrition Program,0.71,0.04,0.25,155654000,2.91,0.24,114180.00,0.72,0.28
NY,2018,0.11,2166060.00,2,"SNAP, Other Nutrition Programs",2,"SNAP, Other Nutrition Programs",0.75,0,0.25,1182494000,3.23,0.17,685500.00,0.75,0.25
NC,2018,0.14,1456200.00,2,"SNAP, Other Nutrition Programs",2,"SNAP, Other Nutrition Programs",0.72,0,0.28,719879000,2.92,0.19,443040.00,0.75,0.25
ND,2018,0.07,51610.00,2,"SNAP, Other Nutrition Programs",2,"SNAP, Other Nutrition Programs",0.66,0,0.34,27186000,3.11,0.1,16700.00,0.64,0.36
OH,2018,0.14,1624180.00,1.3,SNAP,1.85,Other Nutrition Program,0.5,0.12,0.38,767710000,2.79,0.19,489160.00,0.67,0.33
OK,2018,0.15,594140.00,1.3,SNAP,1.85,Other Nutrition Program,0.47,0.16,0.37,290887000,2.89,0.22,208110.00,0.66,0.34
OR,2018,0.12,498730.00,1.85,"SNAP, Other Nutrition Programs",1.85,"SNAP, Other Nutrition Programs",0.65,0,0.35,264260000,3.13,0.16,139220.00,0.7,0.3
PA,2018,0.11,1401920.00,1.6,SNAP,1.85,Other Nutrition Program,0.58,0.1,0.32,737258000,3.11,0.15,399270.00,0.68,0.32
RI,2018,0.11,120970.00,1.85,"SNAP, Other Nutrition Programs",1.85,"SNAP, Other Nutrition Programs",0.62,0,0.38,69276000,3.38,0.18,36270.00,0.73,0.27
SC,2018,0.12,600440.00,1.3,SNAP,1.85,Other Nutrition Program,0.54,0.15,0.31,291600000,2.87,0.16,178710.00,0.68,0.32
SD,2018,0.11,95080.00,1.3,SNAP,1.85,Other Nutrition Program,0.48,0.14,0.38,48379000,3.01,0.17,35330.00,0.7,0.3
TN,2018,0.14,950290.00,1.3,SNAP,1.85,Other Nutrition Program,0.54,0.15,0.32,486768000,3.03,0.18,267110.00,0.73,0.27
TX,2018,0.15,4295240.00,1.65,SNAP,1.85,Other Nutrition Program,0.63,0.06,0.31,1920819000,2.64,0.22,1598940.00,0.68,0.32
UT,2018,0.11,347370.00,1.3,SNAP,1.85,Other Nutrition Program,0.38,0.17,0.45,171029000,2.91,0.12,113190.00,0.57,0.43
VT,2018,0.11,70580.00,1.85,"SNAP, Other Nutrition Programs",1.85,"SNAP, Other Nutrition Programs",0.55,0,0.45,41756000,3.5,0.15,17550.00,0.56,0.44
VA,2018,0.1,842870.00,1.3,SNAP,1.85,Other Nutrition Program,0.47,0.13,0.4,442908000,3.1,0.13,233530.00,0.61,0.39
WA,2018,0.11,804080.00,2,"SNAP, Other Nutrition Programs",2,"SNAP, Other Nutrition Programs",0.66,0,0.35,438026000,3.22,0.15,244480.00,0.57,0.43
WV,2018,0.14,250600.00,2,"SNAP, Other Nutrition Programs",2,"SNAP, Other Nutrition Programs",0.69,0,0.31,114692000,2.7,0.2,73770.00,0.73,0.27
WI,2018,0.09,515930.00,2,"SNAP, Other Nutrition Programs",2,"SNAP, Other Nutrition Programs",0.67,0,0.33,248085000,2.84,0.14,179180.00,0.67,0.33
WY,2018,0.12,70640.00,1.3,SNAP,1.85,Other Nutrition Program,0.42,0.14,0.44,37306000,3.12,0.16,21160.00,0.59,0.41
